operation_id,container_id,operation_type,location_id,resource_id
AXIU0000001:DISCHARGE,AXIU0000001,terminal_discharge,PORT-MARIEN,TERMINAL_CRANES
AXIU0000001:GATE_READY,AXIU0000001,terminal_gate_ready,PORT-MARIEN,TERMINAL_CRANES
AXIU0000001:DRAY_IN,AXIU0000001,drayage_import,NETWORK,DRAYAGE_TRUCKS
AXIU0000001:RECEIVE,AXIU0000001,warehouse_receive,WH-01,WH-01_RECEIVING
AXIU0000001:CROSSDOCK,AXIU0000001,warehouse_crossdock,WH-01,WH-01_CROSSDOCK
AXIU0000001:OUTBOUND,AXIU0000001,warehouse_outbound,WH-01,WH-01_OUTBOUND
AXIU0000001:DRAY_OUT,AXIU0000001,drayage_delivery,NETWORK,DRAYAGE_TRUCKS
AXIU0000001:DELIVERY,AXIU0000001,customer_delivery,CUSTOMER-NETWORK,CUSTOMER_DOCKS
ARGU0000002:DISCHARGE,ARGU0000002,terminal_discharge,PORT-MARIEN,TERMINAL_CRANES
ARGU0000002:GATE_READY,ARGU0000002,terminal_gate_ready,PORT-MARIEN,TERMINAL_CRANES
ARGU0000002:DRAY_IN,ARGU0000002,drayage_import,NETWORK,DRAYAGE_TRUCKS
ARGU0000002:RECEIVE,ARGU0000002,warehouse_receive,WH-02,WH-02_RECEIVING
ARGU0000002:CROSSDOCK,ARGU0000002,warehouse_crossdock,WH-02,WH-02_CROSSDOCK
ARGU0000002:OUTBOUND,ARGU0000002,warehouse_outbound,WH-02,WH-02_OUTBOUND
ARGU0000002:DRAY_OUT,ARGU0000002,drayage_delivery,NETWORK,DRAYAGE_TRUCKS
ARGU0000002:DELIVERY,ARGU0000002,customer_delivery,CUSTOMER-NETWORK,CUSTOMER_DOCKS
CMDU0000003:DISCHARGE,CMDU0000003,terminal_discharge,PORT-MARIEN,TERMINAL_CRANES
CMDU0000003:GATE_READY,CMDU0000003,terminal_gate_ready,PORT-MARIEN,TERMINAL_CRANES
CMDU0000003:DRAY_IN,CMDU0000003,drayage_import,NETWORK,DRAYAGE_TRUCKS
CMDU0000003:RECEIVE,CMDU0000003,warehouse_receive,WH-02,WH-02_RECEIVING
CMDU0000003:STORAGE_PICK,CMDU0000003,warehouse_storage_pick,WH-02,WH-02_CROSSDOCK
CMDU0000003:OUTBOUND,CMDU0000003,warehouse_outbound,WH-02,WH-02_OUTBOUND
CMDU0000003:DRAY_OUT,CMDU0000003,drayage_delivery,NETWORK,DRAYAGE_TRUCKS
CMDU0000003:DELIVERY,CMDU0000003,customer_delivery,CUSTOMER-NETWORK,CUSTOMER_DOCKS
SGWU0000004:DISCHARGE,SGWU0000004,terminal_discharge,PORT-MARIEN,TERMINAL_CRANES
SGWU0000004:GATE_READY,SGWU0000004,terminal_gate_ready,PORT-MARIEN,TERMINAL_CRANES
SGWU0000004:DRAY_IN,SGWU0000004,drayage_import,NETWORK,DRAYAGE_TRUCKS
SGWU0000004:RECEIVE,SGWU0000004,warehouse_receive,WH-01,WH-01_RECEIVING
SGWU0000004:CROSSDOCK,SGWU0000004,warehouse_crossdock,WH-01,WH-01_CROSSDOCK
SGWU0000004:OUTBOUND,SGWU0000004,warehouse_outbound,WH-01,WH-01_OUTBOUND
SGWU0000004:DRAY_OUT,SGWU0000004,drayage_delivery,NETWORK,DRAYAGE_TRUCKS
SGWU0000004:DELIVERY,SGWU0000004,customer_delivery,CUSTOMER-NETWORK,CUSTOMER_DOCKS
GVIU0000005:DISCHARGE,GVIU0000005,terminal_discharge,PORT-MARIEN,TERMINAL_CRANES
GVIU0000005:GATE_READY,GVIU0000005,terminal_gate_ready,PORT-MARIEN,TERMINAL_CRANES
GVIU0000005:DRAY_IN,GVIU0000005,drayage_import,NETWORK,DRAYAGE_TRUCKS
GVIU0000005:RECEIVE,GVIU0000005,warehouse_receive,WH-01,WH-01_RECEIVING
GVIU0000005:STORAGE_PICK,GVIU0000005,warehouse_storage_pick,WH-01,WH-01_CROSSDOCK
GVIU0000005:OUTBOUND,GVIU0000005,warehouse_outbound,WH-01,WH-01_OUTBOUND
GVIU0000005:DRAY_OUT,GVIU0000005,drayage_delivery,NETWORK,DRAYAGE_TRUCKS
GVIU0000005:DELIVERY,GVIU0000005,customer_delivery,CUSTOMER-NETWORK,CUSTOMER_DOCKS
YYBU0000006:DISCHARGE,YYBU0000006,terminal_discharge,PORT-MARIEN,TERMINAL_CRANES
YYBU0000006:GATE_READY,YYBU0000006,terminal_gate_ready,PORT-MARIEN,TERMINAL_CRANES
YYBU0000006:DRAY_IN,YYBU0000006,drayage_import,NETWORK,DRAYAGE_TRUCKS
YYBU0000006:RECEIVE,YYBU0000006,warehouse_receive,WH-01,WH-01_RECEIVING
YYBU0000006:STORAGE_PICK,YYBU0000006,warehouse_storage_pick,WH-01,WH-01_CROSSDOCK
YYBU0000006:OUTBOUND,YYBU0000006,warehouse_outbound,WH-01,WH-01_OUTBOUND
YYBU0000006:DRAY_OUT,YYBU0000006,drayage_delivery,NETWORK,DRAYAGE_TRUCKS
YYBU0000006:DELIVERY,YYBU0000006,customer_delivery,CUSTOMER-NETWORK,CUSTOMER_DOCKS
OEIU0000007:DISCHARGE,OEIU0000007,terminal_discharge,PORT-MARIEN,TERMINAL_CRANES
OEIU0000007:GATE_READY,OEIU0000007,terminal_gate_ready,PORT-MARIEN,TERMINAL_CRANES
OEIU0000007:DRAY_IN,OEIU0000007,drayage_import,NETWORK,DRAYAGE_TRUCKS
OEIU0000007:RECEIVE,OEIU0000007,warehouse_receive,WH-01,WH-01_RECEIVING
OEIU0000007:CROSSDOCK,OEIU0000007,warehouse_crossdock,WH-01,WH-01_CROSSDOCK
OEIU0000007:OUTBOUND,OEIU0000007,warehouse_outbound,WH-01,WH-01_OUTBOUND
OEIU0000007:DRAY_OUT,OEIU0000007,drayage_delivery,NETWORK,DRAYAGE_TRUCKS
OEIU0000007:DELIVERY,OEIU0000007,customer_delivery,CUSTOMER-NETWORK,CUSTOMER_DOCKS
BDEU0000008:DISCHARGE,BDEU0000008,terminal_discharge,PORT-MARIEN,TERMINAL_CRANES
BDEU0000008:GATE_READY,BDEU0000008,terminal_gate_ready,PORT-MARIEN,TERMINAL_CRANES
BDEU0000008:DRAY_IN,BDEU0000008,drayage_import,NETWORK,DRAYAGE_TRUCKS
BDEU0000008:RECEIVE,BDEU0000008,warehouse_receive,WH-01,WH-01_RECEIVING
BDEU0000008:STORAGE_PICK,BDEU0000008,warehouse_storage_pick,WH-01,WH-01_CROSSDOCK
BDEU0000008:OUTBOUND,BDEU0000008,warehouse_outbound,WH-01,WH-01_OUTBOUND
BDEU0000008:DRAY_OUT,BDEU0000008,drayage_delivery,NETWORK,DRAYAGE_TRUCKS
BDEU0000008:DELIVERY,BDEU0000008,customer_delivery,CUSTOMER-NETWORK,CUSTOMER_DOCKS
VRYU0000009:DISCHARGE,VRYU0000009,terminal_discharge,PORT-MARIEN,TERMINAL_CRANES
VRYU0000009:GATE_READY,VRYU0000009,terminal_gate_ready,PORT-MARIEN,TERMINAL_CRANES
VRYU0000009:DRAY_IN,VRYU0000009,drayage_import,NETWORK,DRAYAGE_TRUCKS
VRYU0000009:RECEIVE,VRYU0000009,warehouse_receive,WH-02,WH-02_RECEIVING
VRYU0000009:STORAGE_PICK,VRYU0000009,warehouse_storage_pick,WH-02,WH-02_CROSSDOCK
VRYU0000009:OUTBOUND,VRYU0000009,warehouse_outbound,WH-02,WH-02_OUTBOUND
VRYU0000009:DRAY_OUT,VRYU0000009,drayage_delivery,NETWORK,DRAYAGE_TRUCKS
VRYU0000009:DELIVERY,VRYU0000009,customer_delivery,CUSTOMER-NETWORK,CUSTOMER_DOCKS
DUJU0000010:DISCHARGE,DUJU0000010,terminal_discharge,PORT-MARIEN,TERMINAL_CRANES
DUJU0000010:GATE_READY,DUJU0000010,terminal_gate_ready,PORT-MARIEN,TERMINAL_CRANES
DUJU0000010:DRAY_IN,DUJU0000010,drayage_import,NETWORK,DRAYAGE_TRUCKS
DUJU0000010:RECEIVE,DUJU0000010,warehouse_receive,WH-01,WH-01_RECEIVING
DUJU0000010:CROSSDOCK,DUJU0000010,warehouse_crossdock,WH-01,WH-01_CROSSDOCK
DUJU0000010:OUTBOUND,DUJU0000010,warehouse_outbound,WH-01,WH-01_OUTBOUND
DUJU0000010:DRAY_OUT,DUJU0000010,drayage_delivery,NETWORK,DRAYAGE_TRUCKS
DUJU0000010:DELIVERY,DUJU0000010,customer_delivery,CUSTOMER-NETWORK,CUSTOMER_DOCKS
BHSU0000011:DISCHARGE,BHSU0000011,terminal_discharge,PORT-MARIEN,TERMINAL_CRANES
BHSU0000011:GATE_READY,BHSU0000011,terminal_gate_ready,PORT-MARIEN,TERMINAL_CRANES
BHSU0000011:DRAY_IN,BHSU0000011,drayage_import,NETWORK,DRAYAGE_TRUCKS
BHSU0000011:RECEIVE,BHSU0000011,warehouse_receive,WH-01,WH-01_RECEIVING
BHSU0000011:CROSSDOCK,BHSU0000011,warehouse_crossdock,WH-01,WH-01_CROSSDOCK
BHSU0000011:OUTBOUND,BHSU0000011,warehouse_outbound,WH-01,WH-01_OUTBOUND
BHSU0000011:DRAY_OUT,BHSU0000011,drayage_delivery,NETWORK,DRAYAGE_TRUCKS
BHSU0000011:DELIVERY,BHSU0000011,customer_delivery,CUSTOMER-NETWORK,CUSTOMER_DOCKS
NGRU0000012:DISCHARGE,NGRU0000012,terminal_discharge,PORT-MARIEN,TERMINAL_CRANES
NGRU0000012:GATE_READY,NGRU0000012,terminal_gate_ready,PORT-MARIEN,TERMINAL_CRANES
NGRU0000012:DRAY_IN,NGRU0000012,drayage_import,NETWORK,DRAYAGE_TRUCKS
NGRU0000012:RECEIVE,NGRU0000012,warehouse_receive,WH-01,WH-01_RECEIVING
NGRU0000012:STORAGE_PICK,NGRU0000012,warehouse_storage_pick,WH-01,WH-01_CROSSDOCK
NGRU0000012:OUTBOUND,NGRU0000012,warehouse_outbound,WH-01,WH-01_OUTBOUND
NGRU0000012:DRAY_OUT,NGRU0000012,drayage_delivery,NETWORK,DRAYAGE_TRUCKS
NGRU0000012:DELIVERY,NGRU0000012,customer_delivery,CUSTOMER-NETWORK,CUSTOMER_DOCKS
RHSU0000013:DISCHARGE,RHSU0000013,terminal_discharge,PORT-MARIEN,TERMINAL_CRANES
RHSU0000013:GATE_READY,RHSU0000013,terminal_gate_ready,PORT-MARIEN,TERMINAL_CRANES
RHSU0000013:DRAY_IN,RHSU0000013,drayage_import,NETWORK,DRAYAGE_TRUCKS
RHSU0000013:RECEIVE,RHSU0000013,warehouse_receive,WH-01,WH-01_RECEIVING
RHSU0000013:CROSSDOCK,RHSU0000013,warehouse_crossdock,WH-01,WH-01_CROSSDOCK
RHSU0000013:OUTBOUND,RHSU0000013,warehouse_outbound,WH-01,WH-01_OUTBOUND
RHSU0000013:DRAY_OUT,RHSU0000013,drayage_delivery,NETWORK,DRAYAGE_TRUCKS
RHSU0000013:DELIVERY,RHSU0000013,customer_delivery,CUSTOMER-NETWORK,CUSTOMER_DOCKS
XSSU0000014:DISCHARGE,XSSU0000014,terminal_discharge,PORT-MARIEN,TERMINAL_CRANES
XSSU0000014:GATE_READY,XSSU0000014,terminal_gate_ready,PORT-MARIEN,TERMINAL_CRANES
XSSU0000014:DRAY_IN,XSSU0000014,drayage_import,NETWORK,DRAYAGE_TRUCKS
XSSU0000014:RECEIVE,XSSU0000014,warehouse_receive,WH-02,WH-02_RECEIVING
XSSU0000014:CROSSDOCK,XSSU0000014,warehouse_crossdock,WH-02,WH-02_CROSSDOCK
XSSU0000014:OUTBOUND,XSSU0000014,warehouse_outbound,WH-02,WH-02_OUTBOUND
XSSU0000014:DRAY_OUT,XSSU0000014,drayage_delivery,NETWORK,DRAYAGE_TRUCKS
XSSU0000014:DELIVERY,XSSU0000014,customer_delivery,CUSTOMER-NETWORK,CUSTOMER_DOCKS
UUDU0000015:DISCHARGE,UUDU0000015,terminal_discharge,PORT-MARIEN,TERMINAL_CRANES
UUDU0000015:GATE_READY,UUDU0000015,terminal_gate_ready,PORT-MARIEN,TERMINAL_CRANES
UUDU0000015:DRAY_IN,UUDU0000015,drayage_import,NETWORK,DRAYAGE_TRUCKS
UUDU0000015:RECEIVE,UUDU0000015,warehouse_receive,WH-01,WH-01_RECEIVING
UUDU0000015:CROSSDOCK,UUDU0000015,warehouse_crossdock,WH-01,WH-01_CROSSDOCK
UUDU0000015:OUTBOUND,UUDU0000015,warehouse_outbound,WH-01,WH-01_OUTBOUND
UUDU0000015:DRAY_OUT,UUDU0000015,drayage_delivery,NETWORK,DRAYAGE_TRUCKS
UUDU0000015:DELIVERY,UUDU0000015,customer_delivery,CUSTOMER-NETWORK,CUSTOMER_DOCKS
OZRU0000016:DISCHARGE,OZRU0000016,terminal_discharge,PORT-MARIEN,TERMINAL_CRANES
OZRU0000016:GATE_READY,OZRU0000016,terminal_gate_ready,PORT-MARIEN,TERMINAL_CRANES
OZRU0000016:DRAY_IN,OZRU0000016,drayage_import,NETWORK,DRAYAGE_TRUCKS
OZRU0000016:RECEIVE,OZRU0000016,warehouse_receive,WH-01,WH-01_RECEIVING
OZRU0000016:CROSSDOCK,OZRU0000016,warehouse_crossdock,WH-01,WH-01_CROSSDOCK
OZRU0000016:OUTBOUND,OZRU0000016,warehouse_outbound,WH-01,WH-01_OUTBOUND
OZRU0000016:DRAY_OUT,OZRU0000016,drayage_delivery,NETWORK,DRAYAGE_TRUCKS
OZRU0000016:DELIVERY,OZRU0000016,customer_delivery,CUSTOMER-NETWORK,CUSTOMER_DOCKS
AMIU0000017:DISCHARGE,AMIU0000017,terminal_discharge,PORT-MARIEN,TERMINAL_CRANES
AMIU0000017:GATE_READY,AMIU0000017,terminal_gate_ready,PORT-MARIEN,TERMINAL_CRANES
AMIU0000017:DRAY_IN,AMIU0000017,drayage_import,NETWORK,DRAYAGE_TRUCKS
AMIU0000017:RECEIVE,AMIU0000017,warehouse_receive,WH-02,WH-02_RECEIVING
AMIU0000017:CROSSDOCK,AMIU0000017,warehouse_crossdock,WH-02,WH-02_CROSSDOCK
AMIU0000017:OUTBOUND,AMIU0000017,warehouse_outbound,WH-02,WH-02_OUTBOUND
AMIU0000017:DRAY_OUT,AMIU0000017,drayage_delivery,NETWORK,DRAYAGE_TRUCKS
AMIU0000017:DELIVERY,AMIU0000017,customer_delivery,CUSTOMER-NETWORK,CUSTOMER_DOCKS
BBSU0000018:DISCHARGE,BBSU0000018,terminal_discharge,PORT-MARIEN,TERMINAL_CRANES
BBSU0000018:GATE_READY,BBSU0000018,terminal_gate_ready,PORT-MARIEN,TERMINAL_CRANES
BBSU0000018:DRAY_IN,BBSU0000018,drayage_import,NETWORK,DRAYAGE_TRUCKS
BBSU0000018:RECEIVE,BBSU0000018,warehouse_receive,WH-02,WH-02_RECEIVING
BBSU0000018:STORAGE_PICK,BBSU0000018,warehouse_storage_pick,WH-02,WH-02_CROSSDOCK
BBSU0000018:OUTBOUND,BBSU0000018,warehouse_outbound,WH-02,WH-02_OUTBOUND
BBSU0000018:DRAY_OUT,BBSU0000018,drayage_delivery,NETWORK,DRAYAGE_TRUCKS
BBSU0000018:DELIVERY,BBSU0000018,customer_delivery,CUSTOMER-NETWORK,CUSTOMER_DOCKS
HSTU0000019:DISCHARGE,HSTU0000019,terminal_discharge,PORT-MARIEN,TERMINAL_CRANES
HSTU0000019:GATE_READY,HSTU0000019,terminal_gate_ready,PORT-MARIEN,TERMINAL_CRANES
HSTU0000019:DRAY_IN,HSTU0000019,drayage_import,NETWORK,DRAYAGE_TRUCKS
HSTU0000019:RECEIVE,HSTU0000019,warehouse_receive,WH-01,WH-01_RECEIVING
HSTU0000019:STORAGE_PICK,HSTU0000019,warehouse_storage_pick,WH-01,WH-01_CROSSDOCK
HSTU0000019:OUTBOUND,HSTU0000019,warehouse_outbound,WH-01,WH-01_OUTBOUND
HSTU0000019:DRAY_OUT,HSTU0000019,drayage_delivery,NETWORK,DRAYAGE_TRUCKS
HSTU0000019:DELIVERY,HSTU0000019,customer_delivery,CUSTOMER-NETWORK,CUSTOMER_DOCKS
EVUU0000020:DISCHARGE,EVUU0000020,terminal_discharge,PORT-MARIEN,TERMINAL_CRANES
EVUU0000020:GATE_READY,EVUU0000020,terminal_gate_ready,PORT-MARIEN,TERMINAL_CRANES
EVUU0000020:DRAY_IN,EVUU0000020,drayage_import,NETWORK,DRAYAGE_TRUCKS
EVUU0000020:RECEIVE,EVUU0000020,warehouse_receive,WH-02,WH-02_RECEIVING
EVUU0000020:STORAGE_PICK,EVUU0000020,warehouse_storage_pick,WH-02,WH-02_CROSSDOCK
EVUU0000020:OUTBOUND,EVUU0000020,warehouse_outbound,WH-02,WH-02_OUTBOUND
EVUU0000020:DRAY_OUT,EVUU0000020,drayage_delivery,NETWORK,DRAYAGE_TRUCKS
EVUU0000020:DELIVERY,EVUU0000020,customer_delivery,CUSTOMER-NETWORK,CUSTOMER_DOCKS
HLJU0000021:DISCHARGE,HLJU0000021,terminal_discharge,PORT-MARIEN,TERMINAL_CRANES
HLJU0000021:GATE_READY,HLJU0000021,terminal_gate_ready,PORT-MARIEN,TERMINAL_CRANES
HLJU0000021:DRAY_IN,HLJU0000021,drayage_import,NETWORK,DRAYAGE_TRUCKS
HLJU0000021:RECEIVE,HLJU0000021,warehouse_receive,WH-01,WH-01_RECEIVING
HLJU0000021:CROSSDOCK,HLJU0000021,warehouse_crossdock,WH-01,WH-01_CROSSDOCK
HLJU0000021:OUTBOUND,HLJU0000021,warehouse_outbound,WH-01,WH-01_OUTBOUND
HLJU0000021:DRAY_OUT,HLJU0000021,drayage_delivery,NETWORK,DRAYAGE_TRUCKS
HLJU0000021:DELIVERY,HLJU0000021,customer_delivery,CUSTOMER-NETWORK,CUSTOMER_DOCKS
XREU0000022:DISCHARGE,XREU0000022,terminal_discharge,PORT-MARIEN,TERMINAL_CRANES
XREU0000022:GATE_READY,XREU0000022,terminal_gate_ready,PORT-MARIEN,TERMINAL_CRANES
XREU0000022:DRAY_IN,XREU0000022,drayage_import,NETWORK,DRAYAGE_TRUCKS
XREU0000022:RECEIVE,XREU0000022,warehouse_receive,WH-02,WH-02_RECEIVING
XREU0000022:CROSSDOCK,XREU0000022,warehouse_crossdock,WH-02,WH-02_CROSSDOCK
XREU0000022:OUTBOUND,XREU0000022,warehouse_outbound,WH-02,WH-02_OUTBOUND
XREU0000022:DRAY_OUT,XREU0000022,drayage_delivery,NETWORK,DRAYAGE_TRUCKS
XREU0000022:DELIVERY,XREU0000022,customer_delivery,CUSTOMER-NETWORK,CUSTOMER_DOCKS
KYEU0000023:DISCHARGE,KYEU0000023,terminal_discharge,PORT-MARIEN,TERMINAL_CRANES
KYEU0000023:GATE_READY,KYEU0000023,terminal_gate_ready,PORT-MARIEN,TERMINAL_CRANES
KYEU0000023:DRAY_IN,KYEU0000023,drayage_import,NETWORK,DRAYAGE_TRUCKS
KYEU0000023:RECEIVE,KYEU0000023,warehouse_receive,WH-02,WH-02_RECEIVING
KYEU0000023:CROSSDOCK,KYEU0000023,warehouse_crossdock,WH-02,WH-02_CROSSDOCK
KYEU0000023:OUTBOUND,KYEU0000023,warehouse_outbound,WH-02,WH-02_OUTBOUND
KYEU0000023:DRAY_OUT,KYEU0000023,drayage_delivery,NETWORK,DRAYAGE_TRUCKS
KYEU0000023:DELIVERY,KYEU0000023,customer_delivery,CUSTOMER-NETWORK,CUSTOMER_DOCKS
SREU0000024:DISCHARGE,SREU0000024,terminal_discharge,PORT-MARIEN,TERMINAL_CRANES
SREU0000024:GATE_READY,SREU0000024,terminal_gate_ready,PORT-MARIEN,TERMINAL_CRANES
SREU0000024:DRAY_IN,SREU0000024,drayage_import,NETWORK,DRAYAGE_TRUCKS
SREU0000024:RECEIVE,SREU0000024,warehouse_receive,WH-02,WH-02_RECEIVING
SREU0000024:CROSSDOCK,SREU0000024,warehouse_crossdock,WH-02,WH-02_CROSSDOCK
SREU0000024:OUTBOUND,SREU0000024,warehouse_outbound,WH-02,WH-02_OUTBOUND
SREU0000024:DRAY_OUT,SREU0000024,drayage_delivery,NETWORK,DRAYAGE_TRUCKS
SREU0000024:DELIVERY,SREU0000024,customer_delivery,CUSTOMER-NETWORK,CUSTOMER_DOCKS
TXEU0000025:DISCHARGE,TXEU0000025,terminal_discharge,PORT-MARIEN,TERMINAL_CRANES
TXEU0000025:GATE_READY,TXEU0000025,terminal_gate_ready,PORT-MARIEN,TERMINAL_CRANES
TXEU0000025:DRAY_IN,TXEU0000025,drayage_import,NETWORK,DRAYAGE_TRUCKS
TXEU0000025:RECEIVE,TXEU0000025,warehouse_receive,WH-01,WH-01_RECEIVING
TXEU0000025:STORAGE_PICK,TXEU0000025,warehouse_storage_pick,WH-01,WH-01_CROSSDOCK
TXEU0000025:OUTBOUND,TXEU0000025,warehouse_outbound,WH-01,WH-01_OUTBOUND
TXEU0000025:DRAY_OUT,TXEU0000025,drayage_delivery,NETWORK,DRAYAGE_TRUCKS
TXEU0000025:DELIVERY,TXEU0000025,customer_delivery,CUSTOMER-NETWORK,CUSTOMER_DOCKS
WDMU0000026:DISCHARGE,WDMU0000026,terminal_discharge,PORT-MARIEN,TERMINAL_CRANES
WDMU0000026:GATE_READY,WDMU0000026,terminal_gate_ready,PORT-MARIEN,TERMINAL_CRANES
WDMU0000026:DRAY_IN,WDMU0000026,drayage_import,NETWORK,DRAYAGE_TRUCKS
WDMU0000026:RECEIVE,WDMU0000026,warehouse_receive,WH-01,WH-01_RECEIVING
WDMU0000026:STORAGE_PICK,WDMU0000026,warehouse_storage_pick,WH-01,WH-01_CROSSDOCK
WDMU0000026:OUTBOUND,WDMU0000026,warehouse_outbound,WH-01,WH-01_OUTBOUND
WDMU0000026:DRAY_OUT,WDMU0000026,drayage_delivery,NETWORK,DRAYAGE_TRUCKS
WDMU0000026:DELIVERY,WDMU0000026,customer_delivery,CUSTOMER-NETWORK,CUSTOMER_DOCKS
KICU0000027:DISCHARGE,KICU0000027,terminal_discharge,PORT-MARIEN,TERMINAL_CRANES
KICU0000027:GATE_READY,KICU0000027,terminal_gate_ready,PORT-MARIEN,TERMINAL_CRANES
KICU0000027:DRAY_IN,KICU0000027,drayage_import,NETWORK,DRAYAGE_TRUCKS
KICU0000027:RECEIVE,KICU0000027,warehouse_receive,WH-02,WH-02_RECEIVING
KICU0000027:CROSSDOCK,KICU0000027,warehouse_crossdock,WH-02,WH-02_CROSSDOCK
KICU0000027:OUTBOUND,KICU0000027,warehouse_outbound,WH-02,WH-02_OUTBOUND
KICU0000027:DRAY_OUT,KICU0000027,drayage_delivery,NETWORK,DRAYAGE_TRUCKS
KICU0000027:DELIVERY,KICU0000027,customer_delivery,CUSTOMER-NETWORK,CUSTOMER_DOCKS
NLXU0000028:DISCHARGE,NLXU0000028,terminal_discharge,PORT-MARIEN,TERMINAL_CRANES
NLXU0000028:GATE_READY,NLXU0000028,terminal_gate_ready,PORT-MARIEN,TERMINAL_CRANES
NLXU0000028:DRAY_IN,NLXU0000028,drayage_import,NETWORK,DRAYAGE_TRUCKS
NLXU0000028:RECEIVE,NLXU0000028,warehouse_receive,WH-02,WH-02_RECEIVING
NLXU0000028:CROSSDOCK,NLXU0000028,warehouse_crossdock,WH-02,WH-02_CROSSDOCK
NLXU0000028:OUTBOUND,NLXU0000028,warehouse_outbound,WH-02,WH-02_OUTBOUND
NLXU0000028:DRAY_OUT,NLXU0000028,drayage_delivery,NETWORK,DRAYAGE_TRUCKS
NLXU0000028:DELIVERY,NLXU0000028,customer_delivery,CUSTOMER-NETWORK,CUSTOMER_DOCKS
XXXU0000029:DISCHARGE,XXXU0000029,terminal_discharge,PORT-MARIEN,TERMINAL_CRANES
XXXU0000029:GATE_READY,XXXU0000029,terminal_gate_ready,PORT-MARIEN,TERMINAL_CRANES
XXXU0000029:DRAY_IN,XXXU0000029,drayage_import,NETWORK,DRAYAGE_TRUCKS
XXXU0000029:RECEIVE,XXXU0000029,warehouse_receive,WH-01,WH-01_RECEIVING
XXXU0000029:CROSSDOCK,XXXU0000029,warehouse_crossdock,WH-01,WH-01_CROSSDOCK
XXXU0000029:OUTBOUND,XXXU0000029,warehouse_outbound,WH-01,WH-01_OUTBOUND
XXXU0000029:DRAY_OUT,XXXU0000029,drayage_delivery,NETWORK,DRAYAGE_TRUCKS
XXXU0000029:DELIVERY,XXXU0000029,customer_delivery,CUSTOMER-NETWORK,CUSTOMER_DOCKS
MWJU0000030:DISCHARGE,MWJU0000030,terminal_discharge,PORT-MARIEN,TERMINAL_CRANES
MWJU0000030:GATE_READY,MWJU0000030,terminal_gate_ready,PORT-MARIEN,TERMINAL_CRANES
MWJU0000030:DRAY_IN,MWJU0000030,drayage_import,NETWORK,DRAYAGE_TRUCKS
MWJU0000030:RECEIVE,MWJU0000030,warehouse_receive,WH-01,WH-01_RECEIVING
MWJU0000030:CROSSDOCK,MWJU0000030,warehouse_crossdock,WH-01,WH-01_CROSSDOCK
MWJU0000030:OUTBOUND,MWJU0000030,warehouse_outbound,WH-01,WH-01_OUTBOUND
MWJU0000030:DRAY_OUT,MWJU0000030,drayage_delivery,NETWORK,DRAYAGE_TRUCKS
MWJU0000030:DELIVERY,MWJU0000030,customer_delivery,CUSTOMER-NETWORK,CUSTOMER_DOCKS
STUU0000031:DISCHARGE,STUU0000031,terminal_discharge,PORT-MARIEN,TERMINAL_CRANES
STUU0000031:GATE_READY,STUU0000031,terminal_gate_ready,PORT-MARIEN,TERMINAL_CRANES
STUU0000031:DRAY_IN,STUU0000031,drayage_import,NETWORK,DRAYAGE_TRUCKS
STUU0000031:RECEIVE,STUU0000031,warehouse_receive,WH-02,WH-02_RECEIVING
STUU0000031:STORAGE_PICK,STUU0000031,warehouse_storage_pick,WH-02,WH-02_CROSSDOCK
STUU0000031:OUTBOUND,STUU0000031,warehouse_outbound,WH-02,WH-02_OUTBOUND
STUU0000031:DRAY_OUT,STUU0000031,drayage_delivery,NETWORK,DRAYAGE_TRUCKS
STUU0000031:DELIVERY,STUU0000031,customer_delivery,CUSTOMER-NETWORK,CUSTOMER_DOCKS
KCYU0000032:DISCHARGE,KCYU0000032,terminal_discharge,PORT-MARIEN,TERMINAL_CRANES
KCYU0000032:GATE_READY,KCYU0000032,terminal_gate_ready,PORT-MARIEN,TERMINAL_CRANES
KCYU0000032:DRAY_IN,KCYU0000032,drayage_import,NETWORK,DRAYAGE_TRUCKS
KCYU0000032:RECEIVE,KCYU0000032,warehouse_receive,WH-01,WH-01_RECEIVING
KCYU0000032:STORAGE_PICK,KCYU0000032,warehouse_storage_pick,WH-01,WH-01_CROSSDOCK
KCYU0000032:OUTBOUND,KCYU0000032,warehouse_outbound,WH-01,WH-01_OUTBOUND
KCYU0000032:DRAY_OUT,KCYU0000032,drayage_delivery,NETWORK,DRAYAGE_TRUCKS
KCYU0000032:DELIVERY,KCYU0000032,customer_delivery,CUSTOMER-NETWORK,CUSTOMER_DOCKS
SGWU0000033:DISCHARGE,SGWU0000033,terminal_discharge,PORT-MARIEN,TERMINAL_CRANES
SGWU0000033:GATE_READY,SGWU0000033,terminal_gate_ready,PORT-MARIEN,TERMINAL_CRANES
SGWU0000033:DRAY_IN,SGWU0000033,drayage_import,NETWORK,DRAYAGE_TRUCKS
SGWU0000033:RECEIVE,SGWU0000033,warehouse_receive,WH-02,WH-02_RECEIVING
SGWU0000033:STORAGE_PICK,SGWU0000033,warehouse_storage_pick,WH-02,WH-02_CROSSDOCK
SGWU0000033:OUTBOUND,SGWU0000033,warehouse_outbound,WH-02,WH-02_OUTBOUND
SGWU0000033:DRAY_OUT,SGWU0000033,drayage_delivery,NETWORK,DRAYAGE_TRUCKS
SGWU0000033:DELIVERY,SGWU0000033,customer_delivery,CUSTOMER-NETWORK,CUSTOMER_DOCKS
DOEU0000034:DISCHARGE,DOEU0000034,terminal_discharge,PORT-MARIEN,TERMINAL_CRANES
DOEU0000034:GATE_READY,DOEU0000034,terminal_gate_ready,PORT-MARIEN,TERMINAL_CRANES
DOEU0000034:DRAY_IN,DOEU0000034,drayage_import,NETWORK,DRAYAGE_TRUCKS
DOEU0000034:RECEIVE,DOEU0000034,warehouse_receive,WH-02,WH-02_RECEIVING
DOEU0000034:STORAGE_PICK,DOEU0000034,warehouse_storage_pick,WH-02,WH-02_CROSSDOCK
DOEU0000034:OUTBOUND,DOEU0000034,warehouse_outbound,WH-02,WH-02_OUTBOUND
DOEU0000034:DRAY_OUT,DOEU0000034,drayage_delivery,NETWORK,DRAYAGE_TRUCKS
DOEU0000034:DELIVERY,DOEU0000034,customer_delivery,CUSTOMER-NETWORK,CUSTOMER_DOCKS
HUIU0000035:DISCHARGE,HUIU0000035,terminal_discharge,PORT-MARIEN,TERMINAL_CRANES
HUIU0000035:GATE_READY,HUIU0000035,terminal_gate_ready,PORT-MARIEN,TERMINAL_CRANES
HUIU0000035:DRAY_IN,HUIU0000035,drayage_import,NETWORK,DRAYAGE_TRUCKS
HUIU0000035:RECEIVE,HUIU0000035,warehouse_receive,WH-02,WH-02_RECEIVING
HUIU0000035:STORAGE_PICK,HUIU0000035,warehouse_storage_pick,WH-02,WH-02_CROSSDOCK
HUIU0000035:OUTBOUND,HUIU0000035,warehouse_outbound,WH-02,WH-02_OUTBOUND
HUIU0000035:DRAY_OUT,HUIU0000035,drayage_delivery,NETWORK,DRAYAGE_TRUCKS
HUIU0000035:DELIVERY,HUIU0000035,customer_delivery,CUSTOMER-NETWORK,CUSTOMER_DOCKS
WEWU0000036:DISCHARGE,WEWU0000036,terminal_discharge,PORT-MARIEN,TERMINAL_CRANES
WEWU0000036:GATE_READY,WEWU0000036,terminal_gate_ready,PORT-MARIEN,TERMINAL_CRANES
WEWU0000036:DRAY_IN,WEWU0000036,drayage_import,NETWORK,DRAYAGE_TRUCKS
WEWU0000036:RECEIVE,WEWU0000036,warehouse_receive,WH-01,WH-01_RECEIVING
WEWU0000036:CROSSDOCK,WEWU0000036,warehouse_crossdock,WH-01,WH-01_CROSSDOCK
WEWU0000036:OUTBOUND,WEWU0000036,warehouse_outbound,WH-01,WH-01_OUTBOUND
WEWU0000036:DRAY_OUT,WEWU0000036,drayage_delivery,NETWORK,DRAYAGE_TRUCKS
WEWU0000036:DELIVERY,WEWU0000036,customer_delivery,CUSTOMER-NETWORK,CUSTOMER_DOCKS
SMPU0000037:DISCHARGE,SMPU0000037,terminal_discharge,PORT-MARIEN,TERMINAL_CRANES
SMPU0000037:GATE_READY,SMPU0000037,terminal_gate_ready,PORT-MARIEN,TERMINAL_CRANES
SMPU0000037:DRAY_IN,SMPU0000037,drayage_import,NETWORK,DRAYAGE_TRUCKS
SMPU0000037:RECEIVE,SMPU0000037,warehouse_receive,WH-01,WH-01_RECEIVING
SMPU0000037:STORAGE_PICK,SMPU0000037,warehouse_storage_pick,WH-01,WH-01_CROSSDOCK
SMPU0000037:OUTBOUND,SMPU0000037,warehouse_outbound,WH-01,WH-01_OUTBOUND
SMPU0000037:DRAY_OUT,SMPU0000037,drayage_delivery,NETWORK,DRAYAGE_TRUCKS
SMPU0000037:DELIVERY,SMPU0000037,customer_delivery,CUSTOMER-NETWORK,CUSTOMER_DOCKS
NPAU0000038:DISCHARGE,NPAU0000038,terminal_discharge,PORT-MARIEN,TERMINAL_CRANES
NPAU0000038:GATE_READY,NPAU0000038,terminal_gate_ready,PORT-MARIEN,TERMINAL_CRANES
NPAU0000038:DRAY_IN,NPAU0000038,drayage_import,NETWORK,DRAYAGE_TRUCKS
NPAU0000038:RECEIVE,NPAU0000038,warehouse_receive,WH-02,WH-02_RECEIVING
NPAU0000038:CROSSDOCK,NPAU0000038,warehouse_crossdock,WH-02,WH-02_CROSSDOCK
NPAU0000038:OUTBOUND,NPAU0000038,warehouse_outbound,WH-02,WH-02_OUTBOUND
NPAU0000038:DRAY_OUT,NPAU0000038,drayage_delivery,NETWORK,DRAYAGE_TRUCKS
NPAU0000038:DELIVERY,NPAU0000038,customer_delivery,CUSTOMER-NETWORK,CUSTOMER_DOCKS
UNEU0000039:DISCHARGE,UNEU0000039,terminal_discharge,PORT-MARIEN,TERMINAL_CRANES
UNEU0000039:GATE_READY,UNEU0000039,terminal_gate_ready,PORT-MARIEN,TERMINAL_CRANES
UNEU0000039:DRAY_IN,UNEU0000039,drayage_import,NETWORK,DRAYAGE_TRUCKS
UNEU0000039:RECEIVE,UNEU0000039,warehouse_receive,WH-02,WH-02_RECEIVING
UNEU0000039:CROSSDOCK,UNEU0000039,warehouse_crossdock,WH-02,WH-02_CROSSDOCK
UNEU0000039:OUTBOUND,UNEU0000039,warehouse_outbound,WH-02,WH-02_OUTBOUND
UNEU0000039:DRAY_OUT,UNEU0000039,drayage_delivery,NETWORK,DRAYAGE_TRUCKS
UNEU0000039:DELIVERY,UNEU0000039,customer_delivery,CUSTOMER-NETWORK,CUSTOMER_DOCKS
PAXU0000040:DISCHARGE,PAXU0000040,terminal_discharge,PORT-MARIEN,TERMINAL_CRANES
PAXU0000040:GATE_READY,PAXU0000040,terminal_gate_ready,PORT-MARIEN,TERMINAL_CRANES
PAXU0000040:DRAY_IN,PAXU0000040,drayage_import,NETWORK,DRAYAGE_TRUCKS
PAXU0000040:RECEIVE,PAXU0000040,warehouse_receive,WH-01,WH-01_RECEIVING
PAXU0000040:STORAGE_PICK,PAXU0000040,warehouse_storage_pick,WH-01,WH-01_CROSSDOCK
PAXU0000040:OUTBOUND,PAXU0000040,warehouse_outbound,WH-01,WH-01_OUTBOUND
PAXU0000040:DRAY_OUT,PAXU0000040,drayage_delivery,NETWORK,DRAYAGE_TRUCKS
PAXU0000040:DELIVERY,PAXU0000040,customer_delivery,CUSTOMER-NETWORK,CUSTOMER_DOCKS
SGOU0000041:DISCHARGE,SGOU0000041,terminal_discharge,PORT-MARIEN,TERMINAL_CRANES
SGOU0000041:GATE_READY,SGOU0000041,terminal_gate_ready,PORT-MARIEN,TERMINAL_CRANES
SGOU0000041:DRAY_IN,SGOU0000041,drayage_import,NETWORK,DRAYAGE_TRUCKS
SGOU0000041:RECEIVE,SGOU0000041,warehouse_receive,WH-02,WH-02_RECEIVING
SGOU0000041:STORAGE_PICK,SGOU0000041,warehouse_storage_pick,WH-02,WH-02_CROSSDOCK
SGOU0000041:OUTBOUND,SGOU0000041,warehouse_outbound,WH-02,WH-02_OUTBOUND
SGOU0000041:DRAY_OUT,SGOU0000041,drayage_delivery,NETWORK,DRAYAGE_TRUCKS
SGOU0000041:DELIVERY,SGOU0000041,customer_delivery,CUSTOMER-NETWORK,CUSTOMER_DOCKS
MWGU0000042:DISCHARGE,MWGU0000042,terminal_discharge,PORT-MARIEN,TERMINAL_CRANES
MWGU0000042:GATE_READY,MWGU0000042,terminal_gate_ready,PORT-MARIEN,TERMINAL_CRANES
MWGU0000042:DRAY_IN,MWGU0000042,drayage_import,NETWORK,DRAYAGE_TRUCKS
MWGU0000042:RECEIVE,MWGU0000042,warehouse_receive,WH-01,WH-01_RECEIVING
MWGU0000042:STORAGE_PICK,MWGU0000042,warehouse_storage_pick,WH-01,WH-01_CROSSDOCK
MWGU0000042:OUTBOUND,MWGU0000042,warehouse_outbound,WH-01,WH-01_OUTBOUND
MWGU0000042:DRAY_OUT,MWGU0000042,drayage_delivery,NETWORK,DRAYAGE_TRUCKS
MWGU0000042:DELIVERY,MWGU0000042,customer_delivery,CUSTOMER-NETWORK,CUSTOMER_DOCKS
QUKU0000043:DISCHARGE,QUKU0000043,terminal_discharge,PORT-MARIEN,TERMINAL_CRANES
QUKU0000043:GATE_READY,QUKU0000043,terminal_gate_ready,PORT-MARIEN,TERMINAL_CRANES
QUKU0000043:DRAY_IN,QUKU0000043,drayage_import,NETWORK,DRAYAGE_TRUCKS
QUKU0000043:RECEIVE,QUKU0000043,warehouse_receive,WH-01,WH-01_RECEIVING
QUKU0000043:STORAGE_PICK,QUKU0000043,warehouse_storage_pick,WH-01,WH-01_CROSSDOCK
QUKU0000043:OUTBOUND,QUKU0000043,warehouse_outbound,WH-01,WH-01_OUTBOUND
QUKU0000043:DRAY_OUT,QUKU0000043,drayage_delivery,NETWORK,DRAYAGE_TRUCKS
QUKU0000043:DELIVERY,QUKU0000043,customer_delivery,CUSTOMER-NETWORK,CUSTOMER_DOCKS
ZRYU0000044:DISCHARGE,ZRYU0000044,terminal_discharge,PORT-MARIEN,TERMINAL_CRANES
ZRYU0000044:GATE_READY,ZRYU0000044,terminal_gate_ready,PORT-MARIEN,TERMINAL_CRANES
ZRYU0000044:DRAY_IN,ZRYU0000044,drayage_import,NETWORK,DRAYAGE_TRUCKS
ZRYU0000044:RECEIVE,ZRYU0000044,warehouse_receive,WH-02,WH-02_RECEIVING
ZRYU0000044:STORAGE_PICK,ZRYU0000044,warehouse_storage_pick,WH-02,WH-02_CROSSDOCK
ZRYU0000044:OUTBOUND,ZRYU0000044,warehouse_outbound,WH-02,WH-02_OUTBOUND
ZRYU0000044:DRAY_OUT,ZRYU0000044,drayage_delivery,NETWORK,DRAYAGE_TRUCKS
ZRYU0000044:DELIVERY,ZRYU0000044,customer_delivery,CUSTOMER-NETWORK,CUSTOMER_DOCKS
KAPU0000045:DISCHARGE,KAPU0000045,terminal_discharge,PORT-MARIEN,TERMINAL_CRANES
KAPU0000045:GATE_READY,KAPU0000045,terminal_gate_ready,PORT-MARIEN,TERMINAL_CRANES
KAPU0000045:DRAY_IN,KAPU0000045,drayage_import,NETWORK,DRAYAGE_TRUCKS
KAPU0000045:RECEIVE,KAPU0000045,warehouse_receive,WH-02,WH-02_RECEIVING
KAPU0000045:CROSSDOCK,KAPU0000045,warehouse_crossdock,WH-02,WH-02_CROSSDOCK
KAPU0000045:OUTBOUND,KAPU0000045,warehouse_outbound,WH-02,WH-02_OUTBOUND
KAPU0000045:DRAY_OUT,KAPU0000045,drayage_delivery,NETWORK,DRAYAGE_TRUCKS
KAPU0000045:DELIVERY,KAPU0000045,customer_delivery,CUSTOMER-NETWORK,CUSTOMER_DOCKS
CHXU0000046:DISCHARGE,CHXU0000046,terminal_discharge,PORT-MARIEN,TERMINAL_CRANES
CHXU0000046:GATE_READY,CHXU0000046,terminal_gate_ready,PORT-MARIEN,TERMINAL_CRANES
CHXU0000046:DRAY_IN,CHXU0000046,drayage_import,NETWORK,DRAYAGE_TRUCKS
CHXU0000046:RECEIVE,CHXU0000046,warehouse_receive,WH-02,WH-02_RECEIVING
CHXU0000046:STORAGE_PICK,CHXU0000046,warehouse_storage_pick,WH-02,WH-02_CROSSDOCK
CHXU0000046:OUTBOUND,CHXU0000046,warehouse_outbound,WH-02,WH-02_OUTBOUND
CHXU0000046:DRAY_OUT,CHXU0000046,drayage_delivery,NETWORK,DRAYAGE_TRUCKS
CHXU0000046:DELIVERY,CHXU0000046,customer_delivery,CUSTOMER-NETWORK,CUSTOMER_DOCKS
LPRU0000047:DISCHARGE,LPRU0000047,terminal_discharge,PORT-MARIEN,TERMINAL_CRANES
LPRU0000047:GATE_READY,LPRU0000047,terminal_gate_ready,PORT-MARIEN,TERMINAL_CRANES
LPRU0000047:DRAY_IN,LPRU0000047,drayage_import,NETWORK,DRAYAGE_TRUCKS
LPRU0000047:RECEIVE,LPRU0000047,warehouse_receive,WH-02,WH-02_RECEIVING
LPRU0000047:CROSSDOCK,LPRU0000047,warehouse_crossdock,WH-02,WH-02_CROSSDOCK
LPRU0000047:OUTBOUND,LPRU0000047,warehouse_outbound,WH-02,WH-02_OUTBOUND
LPRU0000047:DRAY_OUT,LPRU0000047,drayage_delivery,NETWORK,DRAYAGE_TRUCKS
LPRU0000047:DELIVERY,LPRU0000047,customer_delivery,CUSTOMER-NETWORK,CUSTOMER_DOCKS
RYWU0000048:DISCHARGE,RYWU0000048,terminal_discharge,PORT-MARIEN,TERMINAL_CRANES
RYWU0000048:GATE_READY,RYWU0000048,terminal_gate_ready,PORT-MARIEN,TERMINAL_CRANES
RYWU0000048:DRAY_IN,RYWU0000048,drayage_import,NETWORK,DRAYAGE_TRUCKS
RYWU0000048:RECEIVE,RYWU0000048,warehouse_receive,WH-01,WH-01_RECEIVING
RYWU0000048:CROSSDOCK,RYWU0000048,warehouse_crossdock,WH-01,WH-01_CROSSDOCK
RYWU0000048:OUTBOUND,RYWU0000048,warehouse_outbound,WH-01,WH-01_OUTBOUND
RYWU0000048:DRAY_OUT,RYWU0000048,drayage_delivery,NETWORK,DRAYAGE_TRUCKS
RYWU0000048:DELIVERY,RYWU0000048,customer_delivery,CUSTOMER-NETWORK,CUSTOMER_DOCKS
AWRU0000049:DISCHARGE,AWRU0000049,terminal_discharge,PORT-MARIEN,TERMINAL_CRANES
AWRU0000049:GATE_READY,AWRU0000049,terminal_gate_ready,PORT-MARIEN,TERMINAL_CRANES
AWRU0000049:DRAY_IN,AWRU0000049,drayage_import,NETWORK,DRAYAGE_TRUCKS
AWRU0000049:RECEIVE,AWRU0000049,warehouse_receive,WH-01,WH-01_RECEIVING
AWRU0000049:CROSSDOCK,AWRU0000049,warehouse_crossdock,WH-01,WH-01_CROSSDOCK
AWRU0000049:OUTBOUND,AWRU0000049,warehouse_outbound,WH-01,WH-01_OUTBOUND
AWRU0000049:DRAY_OUT,AWRU0000049,drayage_delivery,NETWORK,DRAYAGE_TRUCKS
AWRU0000049:DELIVERY,AWRU0000049,customer_delivery,CUSTOMER-NETWORK,CUSTOMER_DOCKS
BIPU0000050:DISCHARGE,BIPU0000050,terminal_discharge,PORT-MARIEN,TERMINAL_CRANES
BIPU0000050:GATE_READY,BIPU0000050,terminal_gate_ready,PORT-MARIEN,TERMINAL_CRANES
BIPU0000050:DRAY_IN,BIPU0000050,drayage_import,NETWORK,DRAYAGE_TRUCKS
BIPU0000050:RECEIVE,BIPU0000050,warehouse_receive,WH-01,WH-01_RECEIVING
BIPU0000050:STORAGE_PICK,BIPU0000050,warehouse_storage_pick,WH-01,WH-01_CROSSDOCK
BIPU0000050:OUTBOUND,BIPU0000050,warehouse_outbound,WH-01,WH-01_OUTBOUND
BIPU0000050:DRAY_OUT,BIPU0000050,drayage_delivery,NETWORK,DRAYAGE_TRUCKS
BIPU0000050:DELIVERY,BIPU0000050,customer_delivery,CUSTOMER-NETWORK,CUSTOMER_DOCKS
RYNU0000051:DISCHARGE,RYNU0000051,terminal_discharge,PORT-MARIEN,TERMINAL_CRANES
RYNU0000051:GATE_READY,RYNU0000051,terminal_gate_ready,PORT-MARIEN,TERMINAL_CRANES
RYNU0000051:DRAY_IN,RYNU0000051,drayage_import,NETWORK,DRAYAGE_TRUCKS
RYNU0000051:RECEIVE,RYNU0000051,warehouse_receive,WH-01,WH-01_RECEIVING
RYNU0000051:STORAGE_PICK,RYNU0000051,warehouse_storage_pick,WH-01,WH-01_CROSSDOCK
RYNU0000051:OUTBOUND,RYNU0000051,warehouse_outbound,WH-01,WH-01_OUTBOUND
RYNU0000051:DRAY_OUT,RYNU0000051,drayage_delivery,NETWORK,DRAYAGE_TRUCKS
RYNU0000051:DELIVERY,RYNU0000051,customer_delivery,CUSTOMER-NETWORK,CUSTOMER_DOCKS
YGUU0000052:DISCHARGE,YGUU0000052,terminal_discharge,PORT-MARIEN,TERMINAL_CRANES
YGUU0000052:GATE_READY,YGUU0000052,terminal_gate_ready,PORT-MARIEN,TERMINAL_CRANES
YGUU0000052:DRAY_IN,YGUU0000052,drayage_import,NETWORK,DRAYAGE_TRUCKS
YGUU0000052:RECEIVE,YGUU0000052,warehouse_receive,WH-01,WH-01_RECEIVING
YGUU0000052:CROSSDOCK,YGUU0000052,warehouse_crossdock,WH-01,WH-01_CROSSDOCK
YGUU0000052:OUTBOUND,YGUU0000052,warehouse_outbound,WH-01,WH-01_OUTBOUND
YGUU0000052:DRAY_OUT,YGUU0000052,drayage_delivery,NETWORK,DRAYAGE_TRUCKS
YGUU0000052:DELIVERY,YGUU0000052,customer_delivery,CUSTOMER-NETWORK,CUSTOMER_DOCKS
JWJU0000053:DISCHARGE,JWJU0000053,terminal_discharge,PORT-MARIEN,TERMINAL_CRANES
JWJU0000053:GATE_READY,JWJU0000053,terminal_gate_ready,PORT-MARIEN,TERMINAL_CRANES
JWJU0000053:DRAY_IN,JWJU0000053,drayage_import,NETWORK,DRAYAGE_TRUCKS
JWJU0000053:RECEIVE,JWJU0000053,warehouse_receive,WH-02,WH-02_RECEIVING
JWJU0000053:CROSSDOCK,JWJU0000053,warehouse_crossdock,WH-02,WH-02_CROSSDOCK
JWJU0000053:OUTBOUND,JWJU0000053,warehouse_outbound,WH-02,WH-02_OUTBOUND
JWJU0000053:DRAY_OUT,JWJU0000053,drayage_delivery,NETWORK,DRAYAGE_TRUCKS
JWJU0000053:DELIVERY,JWJU0000053,customer_delivery,CUSTOMER-NETWORK,CUSTOMER_DOCKS
CBFU0000054:DISCHARGE,CBFU0000054,terminal_discharge,PORT-MARIEN,TERMINAL_CRANES
CBFU0000054:GATE_READY,CBFU0000054,terminal_gate_ready,PORT-MARIEN,TERMINAL_CRANES
CBFU0000054:DRAY_IN,CBFU0000054,drayage_import,NETWORK,DRAYAGE_TRUCKS
CBFU0000054:RECEIVE,CBFU0000054,warehouse_receive,WH-02,WH-02_RECEIVING
CBFU0000054:STORAGE_PICK,CBFU0000054,warehouse_storage_pick,WH-02,WH-02_CROSSDOCK
CBFU0000054:OUTBOUND,CBFU0000054,warehouse_outbound,WH-02,WH-02_OUTBOUND
CBFU0000054:DRAY_OUT,CBFU0000054,drayage_delivery,NETWORK,DRAYAGE_TRUCKS
CBFU0000054:DELIVERY,CBFU0000054,customer_delivery,CUSTOMER-NETWORK,CUSTOMER_DOCKS
OCTU0000055:DISCHARGE,OCTU0000055,terminal_discharge,PORT-MARIEN,TERMINAL_CRANES
OCTU0000055:GATE_READY,OCTU0000055,terminal_gate_ready,PORT-MARIEN,TERMINAL_CRANES
OCTU0000055:DRAY_IN,OCTU0000055,drayage_import,NETWORK,DRAYAGE_TRUCKS
OCTU0000055:RECEIVE,OCTU0000055,warehouse_receive,WH-01,WH-01_RECEIVING
OCTU0000055:STORAGE_PICK,OCTU0000055,warehouse_storage_pick,WH-01,WH-01_CROSSDOCK
OCTU0000055:OUTBOUND,OCTU0000055,warehouse_outbound,WH-01,WH-01_OUTBOUND
OCTU0000055:DRAY_OUT,OCTU0000055,drayage_delivery,NETWORK,DRAYAGE_TRUCKS
OCTU0000055:DELIVERY,OCTU0000055,customer_delivery,CUSTOMER-NETWORK,CUSTOMER_DOCKS
SBYU0000056:DISCHARGE,SBYU0000056,terminal_discharge,PORT-MARIEN,TERMINAL_CRANES
SBYU0000056:GATE_READY,SBYU0000056,terminal_gate_ready,PORT-MARIEN,TERMINAL_CRANES
SBYU0000056:DRAY_IN,SBYU0000056,drayage_import,NETWORK,DRAYAGE_TRUCKS
SBYU0000056:RECEIVE,SBYU0000056,warehouse_receive,WH-01,WH-01_RECEIVING
SBYU0000056:STORAGE_PICK,SBYU0000056,warehouse_storage_pick,WH-01,WH-01_CROSSDOCK
SBYU0000056:OUTBOUND,SBYU0000056,warehouse_outbound,WH-01,WH-01_OUTBOUND
SBYU0000056:DRAY_OUT,SBYU0000056,drayage_delivery,NETWORK,DRAYAGE_TRUCKS
SBYU0000056:DELIVERY,SBYU0000056,customer_delivery,CUSTOMER-NETWORK,CUSTOMER_DOCKS
DFKU0000057:DISCHARGE,DFKU0000057,terminal_discharge,PORT-MARIEN,TERMINAL_CRANES
DFKU0000057:GATE_READY,DFKU0000057,terminal_gate_ready,PORT-MARIEN,TERMINAL_CRANES
DFKU0000057:DRAY_IN,DFKU0000057,drayage_import,NETWORK,DRAYAGE_TRUCKS
DFKU0000057:RECEIVE,DFKU0000057,warehouse_receive,WH-02,WH-02_RECEIVING
DFKU0000057:STORAGE_PICK,DFKU0000057,warehouse_storage_pick,WH-02,WH-02_CROSSDOCK
DFKU0000057:OUTBOUND,DFKU0000057,warehouse_outbound,WH-02,WH-02_OUTBOUND
DFKU0000057:DRAY_OUT,DFKU0000057,drayage_delivery,NETWORK,DRAYAGE_TRUCKS
DFKU0000057:DELIVERY,DFKU0000057,customer_delivery,CUSTOMER-NETWORK,CUSTOMER_DOCKS
QAVU0000058:DISCHARGE,QAVU0000058,terminal_discharge,PORT-MARIEN,TERMINAL_CRANES
QAVU0000058:GATE_READY,QAVU0000058,terminal_gate_ready,PORT-MARIEN,TERMINAL_CRANES
QAVU0000058:DRAY_IN,QAVU0000058,drayage_import,NETWORK,DRAYAGE_TRUCKS
QAVU0000058:RECEIVE,QAVU0000058,warehouse_receive,WH-02,WH-02_RECEIVING
QAVU0000058:CROSSDOCK,QAVU0000058,warehouse_crossdock,WH-02,WH-02_CROSSDOCK
QAVU0000058:OUTBOUND,QAVU0000058,warehouse_outbound,WH-02,WH-02_OUTBOUND
QAVU0000058:DRAY_OUT,QAVU0000058,drayage_delivery,NETWORK,DRAYAGE_TRUCKS
QAVU0000058:DELIVERY,QAVU0000058,customer_delivery,CUSTOMER-NETWORK,CUSTOMER_DOCKS
PDAU0000059:DISCHARGE,PDAU0000059,terminal_discharge,PORT-MARIEN,TERMINAL_CRANES
PDAU0000059:GATE_READY,PDAU0000059,terminal_gate_ready,PORT-MARIEN,TERMINAL_CRANES
PDAU0000059:DRAY_IN,PDAU0000059,drayage_import,NETWORK,DRAYAGE_TRUCKS
PDAU0000059:RECEIVE,PDAU0000059,warehouse_receive,WH-01,WH-01_RECEIVING
PDAU0000059:STORAGE_PICK,PDAU0000059,warehouse_storage_pick,WH-01,WH-01_CROSSDOCK
PDAU0000059:OUTBOUND,PDAU0000059,warehouse_outbound,WH-01,WH-01_OUTBOUND
PDAU0000059:DRAY_OUT,PDAU0000059,drayage_delivery,NETWORK,DRAYAGE_TRUCKS
PDAU0000059:DELIVERY,PDAU0000059,customer_delivery,CUSTOMER-NETWORK,CUSTOMER_DOCKS
PWJU0000060:DISCHARGE,PWJU0000060,terminal_discharge,PORT-MARIEN,TERMINAL_CRANES
PWJU0000060:GATE_READY,PWJU0000060,terminal_gate_ready,PORT-MARIEN,TERMINAL_CRANES
PWJU0000060:DRAY_IN,PWJU0000060,drayage_import,NETWORK,DRAYAGE_TRUCKS
PWJU0000060:RECEIVE,PWJU0000060,warehouse_receive,WH-02,WH-02_RECEIVING
PWJU0000060:CROSSDOCK,PWJU0000060,warehouse_crossdock,WH-02,WH-02_CROSSDOCK
PWJU0000060:OUTBOUND,PWJU0000060,warehouse_outbound,WH-02,WH-02_OUTBOUND
PWJU0000060:DRAY_OUT,PWJU0000060,drayage_delivery,NETWORK,DRAYAGE_TRUCKS
PWJU0000060:DELIVERY,PWJU0000060,customer_delivery,CUSTOMER-NETWORK,CUSTOMER_DOCKS
ZNKU0000061:DISCHARGE,ZNKU0000061,terminal_discharge,PORT-MARIEN,TERMINAL_CRANES
ZNKU0000061:GATE_READY,ZNKU0000061,terminal_gate_ready,PORT-MARIEN,TERMINAL_CRANES
ZNKU0000061:DRAY_IN,ZNKU0000061,drayage_import,NETWORK,DRAYAGE_TRUCKS
ZNKU0000061:RECEIVE,ZNKU0000061,warehouse_receive,WH-02,WH-02_RECEIVING
ZNKU0000061:STORAGE_PICK,ZNKU0000061,warehouse_storage_pick,WH-02,WH-02_CROSSDOCK
ZNKU0000061:OUTBOUND,ZNKU0000061,warehouse_outbound,WH-02,WH-02_OUTBOUND
ZNKU0000061:DRAY_OUT,ZNKU0000061,drayage_delivery,NETWORK,DRAYAGE_TRUCKS
ZNKU0000061:DELIVERY,ZNKU0000061,customer_delivery,CUSTOMER-NETWORK,CUSTOMER_DOCKS
MOKU0000062:DISCHARGE,MOKU0000062,terminal_discharge,PORT-MARIEN,TERMINAL_CRANES
MOKU0000062:GATE_READY,MOKU0000062,terminal_gate_ready,PORT-MARIEN,TERMINAL_CRANES
MOKU0000062:DRAY_IN,MOKU0000062,drayage_import,NETWORK,DRAYAGE_TRUCKS
MOKU0000062:RECEIVE,MOKU0000062,warehouse_receive,WH-01,WH-01_RECEIVING
MOKU0000062:STORAGE_PICK,MOKU0000062,warehouse_storage_pick,WH-01,WH-01_CROSSDOCK
MOKU0000062:OUTBOUND,MOKU0000062,warehouse_outbound,WH-01,WH-01_OUTBOUND
MOKU0000062:DRAY_OUT,MOKU0000062,drayage_delivery,NETWORK,DRAYAGE_TRUCKS
MOKU0000062:DELIVERY,MOKU0000062,customer_delivery,CUSTOMER-NETWORK,CUSTOMER_DOCKS
UEPU0000063:DISCHARGE,UEPU0000063,terminal_discharge,PORT-MARIEN,TERMINAL_CRANES
UEPU0000063:GATE_READY,UEPU0000063,terminal_gate_ready,PORT-MARIEN,TERMINAL_CRANES
UEPU0000063:DRAY_IN,UEPU0000063,drayage_import,NETWORK,DRAYAGE_TRUCKS
UEPU0000063:RECEIVE,UEPU0000063,warehouse_receive,WH-01,WH-01_RECEIVING
UEPU0000063:CROSSDOCK,UEPU0000063,warehouse_crossdock,WH-01,WH-01_CROSSDOCK
UEPU0000063:OUTBOUND,UEPU0000063,warehouse_outbound,WH-01,WH-01_OUTBOUND
UEPU0000063:DRAY_OUT,UEPU0000063,drayage_delivery,NETWORK,DRAYAGE_TRUCKS
UEPU0000063:DELIVERY,UEPU0000063,customer_delivery,CUSTOMER-NETWORK,CUSTOMER_DOCKS
ECPU0000064:DISCHARGE,ECPU0000064,terminal_discharge,PORT-MARIEN,TERMINAL_CRANES
ECPU0000064:GATE_READY,ECPU0000064,terminal_gate_ready,PORT-MARIEN,TERMINAL_CRANES
ECPU0000064:DRAY_IN,ECPU0000064,drayage_import,NETWORK,DRAYAGE_TRUCKS
ECPU0000064:RECEIVE,ECPU0000064,warehouse_receive,WH-02,WH-02_RECEIVING
ECPU0000064:CROSSDOCK,ECPU0000064,warehouse_crossdock,WH-02,WH-02_CROSSDOCK
ECPU0000064:OUTBOUND,ECPU0000064,warehouse_outbound,WH-02,WH-02_OUTBOUND
ECPU0000064:DRAY_OUT,ECPU0000064,drayage_delivery,NETWORK,DRAYAGE_TRUCKS
ECPU0000064:DELIVERY,ECPU0000064,customer_delivery,CUSTOMER-NETWORK,CUSTOMER_DOCKS
CHUU0000065:DISCHARGE,CHUU0000065,terminal_discharge,PORT-MARIEN,TERMINAL_CRANES
CHUU0000065:GATE_READY,CHUU0000065,terminal_gate_ready,PORT-MARIEN,TERMINAL_CRANES
CHUU0000065:DRAY_IN,CHUU0000065,drayage_import,NETWORK,DRAYAGE_TRUCKS
CHUU0000065:RECEIVE,CHUU0000065,warehouse_receive,WH-02,WH-02_RECEIVING
CHUU0000065:STORAGE_PICK,CHUU0000065,warehouse_storage_pick,WH-02,WH-02_CROSSDOCK
CHUU0000065:OUTBOUND,CHUU0000065,warehouse_outbound,WH-02,WH-02_OUTBOUND
CHUU0000065:DRAY_OUT,CHUU0000065,drayage_delivery,NETWORK,DRAYAGE_TRUCKS
CHUU0000065:DELIVERY,CHUU0000065,customer_delivery,CUSTOMER-NETWORK,CUSTOMER_DOCKS
LLNU0000066:DISCHARGE,LLNU0000066,terminal_discharge,PORT-MARIEN,TERMINAL_CRANES
LLNU0000066:GATE_READY,LLNU0000066,terminal_gate_ready,PORT-MARIEN,TERMINAL_CRANES
LLNU0000066:DRAY_IN,LLNU0000066,drayage_import,NETWORK,DRAYAGE_TRUCKS
LLNU0000066:RECEIVE,LLNU0000066,warehouse_receive,WH-01,WH-01_RECEIVING
LLNU0000066:CROSSDOCK,LLNU0000066,warehouse_crossdock,WH-01,WH-01_CROSSDOCK
LLNU0000066:OUTBOUND,LLNU0000066,warehouse_outbound,WH-01,WH-01_OUTBOUND
LLNU0000066:DRAY_OUT,LLNU0000066,drayage_delivery,NETWORK,DRAYAGE_TRUCKS
LLNU0000066:DELIVERY,LLNU0000066,customer_delivery,CUSTOMER-NETWORK,CUSTOMER_DOCKS
EHOU0000067:DISCHARGE,EHOU0000067,terminal_discharge,PORT-MARIEN,TERMINAL_CRANES
EHOU0000067:GATE_READY,EHOU0000067,terminal_gate_ready,PORT-MARIEN,TERMINAL_CRANES
EHOU0000067:DRAY_IN,EHOU0000067,drayage_import,NETWORK,DRAYAGE_TRUCKS
EHOU0000067:RECEIVE,EHOU0000067,warehouse_receive,WH-02,WH-02_RECEIVING
EHOU0000067:STORAGE_PICK,EHOU0000067,warehouse_storage_pick,WH-02,WH-02_CROSSDOCK
EHOU0000067:OUTBOUND,EHOU0000067,warehouse_outbound,WH-02,WH-02_OUTBOUND
EHOU0000067:DRAY_OUT,EHOU0000067,drayage_delivery,NETWORK,DRAYAGE_TRUCKS
EHOU0000067:DELIVERY,EHOU0000067,customer_delivery,CUSTOMER-NETWORK,CUSTOMER_DOCKS
IOJU0000068:DISCHARGE,IOJU0000068,terminal_discharge,PORT-MARIEN,TERMINAL_CRANES
IOJU0000068:GATE_READY,IOJU0000068,terminal_gate_ready,PORT-MARIEN,TERMINAL_CRANES
IOJU0000068:DRAY_IN,IOJU0000068,drayage_import,NETWORK,DRAYAGE_TRUCKS
IOJU0000068:RECEIVE,IOJU0000068,warehouse_receive,WH-01,WH-01_RECEIVING
IOJU0000068:STORAGE_PICK,IOJU0000068,warehouse_storage_pick,WH-01,WH-01_CROSSDOCK
IOJU0000068:OUTBOUND,IOJU0000068,warehouse_outbound,WH-01,WH-01_OUTBOUND
IOJU0000068:DRAY_OUT,IOJU0000068,drayage_delivery,NETWORK,DRAYAGE_TRUCKS
IOJU0000068:DELIVERY,IOJU0000068,customer_delivery,CUSTOMER-NETWORK,CUSTOMER_DOCKS
ASVU0000069:DISCHARGE,ASVU0000069,terminal_discharge,PORT-MARIEN,TERMINAL_CRANES
ASVU0000069:GATE_READY,ASVU0000069,terminal_gate_ready,PORT-MARIEN,TERMINAL_CRANES
ASVU0000069:DRAY_IN,ASVU0000069,drayage_import,NETWORK,DRAYAGE_TRUCKS
ASVU0000069:RECEIVE,ASVU0000069,warehouse_receive,WH-01,WH-01_RECEIVING
ASVU0000069:STORAGE_PICK,ASVU0000069,warehouse_storage_pick,WH-01,WH-01_CROSSDOCK
ASVU0000069:OUTBOUND,ASVU0000069,warehouse_outbound,WH-01,WH-01_OUTBOUND
ASVU0000069:DRAY_OUT,ASVU0000069,drayage_delivery,NETWORK,DRAYAGE_TRUCKS
ASVU0000069:DELIVERY,ASVU0000069,customer_delivery,CUSTOMER-NETWORK,CUSTOMER_DOCKS
UBJU0000070:DISCHARGE,UBJU0000070,terminal_discharge,PORT-MARIEN,TERMINAL_CRANES
UBJU0000070:GATE_READY,UBJU0000070,terminal_gate_ready,PORT-MARIEN,TERMINAL_CRANES
UBJU0000070:DRAY_IN,UBJU0000070,drayage_import,NETWORK,DRAYAGE_TRUCKS
UBJU0000070:RECEIVE,UBJU0000070,warehouse_receive,WH-02,WH-02_RECEIVING
UBJU0000070:CROSSDOCK,UBJU0000070,warehouse_crossdock,WH-02,WH-02_CROSSDOCK
UBJU0000070:OUTBOUND,UBJU0000070,warehouse_outbound,WH-02,WH-02_OUTBOUND
UBJU0000070:DRAY_OUT,UBJU0000070,drayage_delivery,NETWORK,DRAYAGE_TRUCKS
UBJU0000070:DELIVERY,UBJU0000070,customer_delivery,CUSTOMER-NETWORK,CUSTOMER_DOCKS
QQIU0000071:DISCHARGE,QQIU0000071,terminal_discharge,PORT-MARIEN,TERMINAL_CRANES
QQIU0000071:GATE_READY,QQIU0000071,terminal_gate_ready,PORT-MARIEN,TERMINAL_CRANES
QQIU0000071:DRAY_IN,QQIU0000071,drayage_import,NETWORK,DRAYAGE_TRUCKS
QQIU0000071:RECEIVE,QQIU0000071,warehouse_receive,WH-01,WH-01_RECEIVING
QQIU0000071:CROSSDOCK,QQIU0000071,warehouse_crossdock,WH-01,WH-01_CROSSDOCK
QQIU0000071:OUTBOUND,QQIU0000071,warehouse_outbound,WH-01,WH-01_OUTBOUND
QQIU0000071:DRAY_OUT,QQIU0000071,drayage_delivery,NETWORK,DRAYAGE_TRUCKS
QQIU0000071:DELIVERY,QQIU0000071,customer_delivery,CUSTOMER-NETWORK,CUSTOMER_DOCKS
MZRU0000072:DISCHARGE,MZRU0000072,terminal_discharge,PORT-MARIEN,TERMINAL_CRANES
MZRU0000072:GATE_READY,MZRU0000072,terminal_gate_ready,PORT-MARIEN,TERMINAL_CRANES
MZRU0000072:DRAY_IN,MZRU0000072,drayage_import,NETWORK,DRAYAGE_TRUCKS
MZRU0000072:RECEIVE,MZRU0000072,warehouse_receive,WH-02,WH-02_RECEIVING
MZRU0000072:CROSSDOCK,MZRU0000072,warehouse_crossdock,WH-02,WH-02_CROSSDOCK
MZRU0000072:OUTBOUND,MZRU0000072,warehouse_outbound,WH-02,WH-02_OUTBOUND
MZRU0000072:DRAY_OUT,MZRU0000072,drayage_delivery,NETWORK,DRAYAGE_TRUCKS
MZRU0000072:DELIVERY,MZRU0000072,customer_delivery,CUSTOMER-NETWORK,CUSTOMER_DOCKS
LDVU0000073:DISCHARGE,LDVU0000073,terminal_discharge,PORT-MARIEN,TERMINAL_CRANES
LDVU0000073:GATE_READY,LDVU0000073,terminal_gate_ready,PORT-MARIEN,TERMINAL_CRANES
LDVU0000073:DRAY_IN,LDVU0000073,drayage_import,NETWORK,DRAYAGE_TRUCKS
LDVU0000073:RECEIVE,LDVU0000073,warehouse_receive,WH-01,WH-01_RECEIVING
LDVU0000073:STORAGE_PICK,LDVU0000073,warehouse_storage_pick,WH-01,WH-01_CROSSDOCK
LDVU0000073:OUTBOUND,LDVU0000073,warehouse_outbound,WH-01,WH-01_OUTBOUND
LDVU0000073:DRAY_OUT,LDVU0000073,drayage_delivery,NETWORK,DRAYAGE_TRUCKS
LDVU0000073:DELIVERY,LDVU0000073,customer_delivery,CUSTOMER-NETWORK,CUSTOMER_DOCKS
EBBU0000074:DISCHARGE,EBBU0000074,terminal_discharge,PORT-MARIEN,TERMINAL_CRANES
EBBU0000074:GATE_READY,EBBU0000074,terminal_gate_ready,PORT-MARIEN,TERMINAL_CRANES
EBBU0000074:DRAY_IN,EBBU0000074,drayage_import,NETWORK,DRAYAGE_TRUCKS
EBBU0000074:RECEIVE,EBBU0000074,warehouse_receive,WH-02,WH-02_RECEIVING
EBBU0000074:STORAGE_PICK,EBBU0000074,warehouse_storage_pick,WH-02,WH-02_CROSSDOCK
EBBU0000074:OUTBOUND,EBBU0000074,warehouse_outbound,WH-02,WH-02_OUTBOUND
EBBU0000074:DRAY_OUT,EBBU0000074,drayage_delivery,NETWORK,DRAYAGE_TRUCKS
EBBU0000074:DELIVERY,EBBU0000074,customer_delivery,CUSTOMER-NETWORK,CUSTOMER_DOCKS
XENU0000075:DISCHARGE,XENU0000075,terminal_discharge,PORT-MARIEN,TERMINAL_CRANES
XENU0000075:GATE_READY,XENU0000075,terminal_gate_ready,PORT-MARIEN,TERMINAL_CRANES
XENU0000075:DRAY_IN,XENU0000075,drayage_import,NETWORK,DRAYAGE_TRUCKS
XENU0000075:RECEIVE,XENU0000075,warehouse_receive,WH-01,WH-01_RECEIVING
XENU0000075:STORAGE_PICK,XENU0000075,warehouse_storage_pick,WH-01,WH-01_CROSSDOCK
XENU0000075:OUTBOUND,XENU0000075,warehouse_outbound,WH-01,WH-01_OUTBOUND
XENU0000075:DRAY_OUT,XENU0000075,drayage_delivery,NETWORK,DRAYAGE_TRUCKS
XENU0000075:DELIVERY,XENU0000075,customer_delivery,CUSTOMER-NETWORK,CUSTOMER_DOCKS
LRUU0000076:DISCHARGE,LRUU0000076,terminal_discharge,PORT-MARIEN,TERMINAL_CRANES
LRUU0000076:GATE_READY,LRUU0000076,terminal_gate_ready,PORT-MARIEN,TERMINAL_CRANES
LRUU0000076:DRAY_IN,LRUU0000076,drayage_import,NETWORK,DRAYAGE_TRUCKS
LRUU0000076:RECEIVE,LRUU0000076,warehouse_receive,WH-02,WH-02_RECEIVING
LRUU0000076:CROSSDOCK,LRUU0000076,warehouse_crossdock,WH-02,WH-02_CROSSDOCK
LRUU0000076:OUTBOUND,LRUU0000076,warehouse_outbound,WH-02,WH-02_OUTBOUND
LRUU0000076:DRAY_OUT,LRUU0000076,drayage_delivery,NETWORK,DRAYAGE_TRUCKS
LRUU0000076:DELIVERY,LRUU0000076,customer_delivery,CUSTOMER-NETWORK,CUSTOMER_DOCKS
HEZU0000077:DISCHARGE,HEZU0000077,terminal_discharge,PORT-MARIEN,TERMINAL_CRANES
HEZU0000077:GATE_READY,HEZU0000077,terminal_gate_ready,PORT-MARIEN,TERMINAL_CRANES
HEZU0000077:DRAY_IN,HEZU0000077,drayage_import,NETWORK,DRAYAGE_TRUCKS
HEZU0000077:RECEIVE,HEZU0000077,warehouse_receive,WH-01,WH-01_RECEIVING
HEZU0000077:CROSSDOCK,HEZU0000077,warehouse_crossdock,WH-01,WH-01_CROSSDOCK
HEZU0000077:OUTBOUND,HEZU0000077,warehouse_outbound,WH-01,WH-01_OUTBOUND
HEZU0000077:DRAY_OUT,HEZU0000077,drayage_delivery,NETWORK,DRAYAGE_TRUCKS
HEZU0000077:DELIVERY,HEZU0000077,customer_delivery,CUSTOMER-NETWORK,CUSTOMER_DOCKS
ERIU0000078:DISCHARGE,ERIU0000078,terminal_discharge,PORT-MARIEN,TERMINAL_CRANES
ERIU0000078:GATE_READY,ERIU0000078,terminal_gate_ready,PORT-MARIEN,TERMINAL_CRANES
ERIU0000078:DRAY_IN,ERIU0000078,drayage_import,NETWORK,DRAYAGE_TRUCKS
ERIU0000078:RECEIVE,ERIU0000078,warehouse_receive,WH-01,WH-01_RECEIVING
ERIU0000078:CROSSDOCK,ERIU0000078,warehouse_crossdock,WH-01,WH-01_CROSSDOCK
ERIU0000078:OUTBOUND,ERIU0000078,warehouse_outbound,WH-01,WH-01_OUTBOUND
ERIU0000078:DRAY_OUT,ERIU0000078,drayage_delivery,NETWORK,DRAYAGE_TRUCKS
ERIU0000078:DELIVERY,ERIU0000078,customer_delivery,CUSTOMER-NETWORK,CUSTOMER_DOCKS
QDXU0000079:DISCHARGE,QDXU0000079,terminal_discharge,PORT-MARIEN,TERMINAL_CRANES
QDXU0000079:GATE_READY,QDXU0000079,terminal_gate_ready,PORT-MARIEN,TERMINAL_CRANES
QDXU0000079:DRAY_IN,QDXU0000079,drayage_import,NETWORK,DRAYAGE_TRUCKS
QDXU0000079:RECEIVE,QDXU0000079,warehouse_receive,WH-01,WH-01_RECEIVING
QDXU0000079:STORAGE_PICK,QDXU0000079,warehouse_storage_pick,WH-01,WH-01_CROSSDOCK
QDXU0000079:OUTBOUND,QDXU0000079,warehouse_outbound,WH-01,WH-01_OUTBOUND
QDXU0000079:DRAY_OUT,QDXU0000079,drayage_delivery,NETWORK,DRAYAGE_TRUCKS
QDXU0000079:DELIVERY,QDXU0000079,customer_delivery,CUSTOMER-NETWORK,CUSTOMER_DOCKS
ABPU0000080:DISCHARGE,ABPU0000080,terminal_discharge,PORT-MARIEN,TERMINAL_CRANES
ABPU0000080:GATE_READY,ABPU0000080,terminal_gate_ready,PORT-MARIEN,TERMINAL_CRANES
ABPU0000080:DRAY_IN,ABPU0000080,drayage_import,NETWORK,DRAYAGE_TRUCKS
ABPU0000080:RECEIVE,ABPU0000080,warehouse_receive,WH-02,WH-02_RECEIVING
ABPU0000080:CROSSDOCK,ABPU0000080,warehouse_crossdock,WH-02,WH-02_CROSSDOCK
ABPU0000080:OUTBOUND,ABPU0000080,warehouse_outbound,WH-02,WH-02_OUTBOUND
ABPU0000080:DRAY_OUT,ABPU0000080,drayage_delivery,NETWORK,DRAYAGE_TRUCKS
ABPU0000080:DELIVERY,ABPU0000080,customer_delivery,CUSTOMER-NETWORK,CUSTOMER_DOCKS
WKMU0000081:DISCHARGE,WKMU0000081,terminal_discharge,PORT-MARIEN,TERMINAL_CRANES
WKMU0000081:GATE_READY,WKMU0000081,terminal_gate_ready,PORT-MARIEN,TERMINAL_CRANES
WKMU0000081:DRAY_IN,WKMU0000081,drayage_import,NETWORK,DRAYAGE_TRUCKS
WKMU0000081:RECEIVE,WKMU0000081,warehouse_receive,WH-02,WH-02_RECEIVING
WKMU0000081:STORAGE_PICK,WKMU0000081,warehouse_storage_pick,WH-02,WH-02_CROSSDOCK
WKMU0000081:OUTBOUND,WKMU0000081,warehouse_outbound,WH-02,WH-02_OUTBOUND
WKMU0000081:DRAY_OUT,WKMU0000081,drayage_delivery,NETWORK,DRAYAGE_TRUCKS
WKMU0000081:DELIVERY,WKMU0000081,customer_delivery,CUSTOMER-NETWORK,CUSTOMER_DOCKS
MNXU0000082:DISCHARGE,MNXU0000082,terminal_discharge,PORT-MARIEN,TERMINAL_CRANES
MNXU0000082:GATE_READY,MNXU0000082,terminal_gate_ready,PORT-MARIEN,TERMINAL_CRANES
MNXU0000082:DRAY_IN,MNXU0000082,drayage_import,NETWORK,DRAYAGE_TRUCKS
MNXU0000082:RECEIVE,MNXU0000082,warehouse_receive,WH-01,WH-01_RECEIVING
MNXU0000082:CROSSDOCK,MNXU0000082,warehouse_crossdock,WH-01,WH-01_CROSSDOCK
MNXU0000082:OUTBOUND,MNXU0000082,warehouse_outbound,WH-01,WH-01_OUTBOUND
MNXU0000082:DRAY_OUT,MNXU0000082,drayage_delivery,NETWORK,DRAYAGE_TRUCKS
MNXU0000082:DELIVERY,MNXU0000082,customer_delivery,CUSTOMER-NETWORK,CUSTOMER_DOCKS
XXLU0000083:DISCHARGE,XXLU0000083,terminal_discharge,PORT-MARIEN,TERMINAL_CRANES
XXLU0000083:GATE_READY,XXLU0000083,terminal_gate_ready,PORT-MARIEN,TERMINAL_CRANES
XXLU0000083:DRAY_IN,XXLU0000083,drayage_import,NETWORK,DRAYAGE_TRUCKS
XXLU0000083:RECEIVE,XXLU0000083,warehouse_receive,WH-01,WH-01_RECEIVING
XXLU0000083:STORAGE_PICK,XXLU0000083,warehouse_storage_pick,WH-01,WH-01_CROSSDOCK
XXLU0000083:OUTBOUND,XXLU0000083,warehouse_outbound,WH-01,WH-01_OUTBOUND
XXLU0000083:DRAY_OUT,XXLU0000083,drayage_delivery,NETWORK,DRAYAGE_TRUCKS
XXLU0000083:DELIVERY,XXLU0000083,customer_delivery,CUSTOMER-NETWORK,CUSTOMER_DOCKS
TJLU0000084:DISCHARGE,TJLU0000084,terminal_discharge,PORT-MARIEN,TERMINAL_CRANES
TJLU0000084:GATE_READY,TJLU0000084,terminal_gate_ready,PORT-MARIEN,TERMINAL_CRANES
TJLU0000084:DRAY_IN,TJLU0000084,drayage_import,NETWORK,DRAYAGE_TRUCKS
TJLU0000084:RECEIVE,TJLU0000084,warehouse_receive,WH-01,WH-01_RECEIVING
TJLU0000084:STORAGE_PICK,TJLU0000084,warehouse_storage_pick,WH-01,WH-01_CROSSDOCK
TJLU0000084:OUTBOUND,TJLU0000084,warehouse_outbound,WH-01,WH-01_OUTBOUND
TJLU0000084:DRAY_OUT,TJLU0000084,drayage_delivery,NETWORK,DRAYAGE_TRUCKS
TJLU0000084:DELIVERY,TJLU0000084,customer_delivery,CUSTOMER-NETWORK,CUSTOMER_DOCKS
HZNU0000085:DISCHARGE,HZNU0000085,terminal_discharge,PORT-MARIEN,TERMINAL_CRANES
HZNU0000085:GATE_READY,HZNU0000085,terminal_gate_ready,PORT-MARIEN,TERMINAL_CRANES
HZNU0000085:DRAY_IN,HZNU0000085,drayage_import,NETWORK,DRAYAGE_TRUCKS
HZNU0000085:RECEIVE,HZNU0000085,warehouse_receive,WH-01,WH-01_RECEIVING
HZNU0000085:STORAGE_PICK,HZNU0000085,warehouse_storage_pick,WH-01,WH-01_CROSSDOCK
HZNU0000085:OUTBOUND,HZNU0000085,warehouse_outbound,WH-01,WH-01_OUTBOUND
HZNU0000085:DRAY_OUT,HZNU0000085,drayage_delivery,NETWORK,DRAYAGE_TRUCKS
HZNU0000085:DELIVERY,HZNU0000085,customer_delivery,CUSTOMER-NETWORK,CUSTOMER_DOCKS
CEXU0000086:DISCHARGE,CEXU0000086,terminal_discharge,PORT-MARIEN,TERMINAL_CRANES
CEXU0000086:GATE_READY,CEXU0000086,terminal_gate_ready,PORT-MARIEN,TERMINAL_CRANES
CEXU0000086:DRAY_IN,CEXU0000086,drayage_import,NETWORK,DRAYAGE_TRUCKS
CEXU0000086:RECEIVE,CEXU0000086,warehouse_receive,WH-01,WH-01_RECEIVING
CEXU0000086:CROSSDOCK,CEXU0000086,warehouse_crossdock,WH-01,WH-01_CROSSDOCK
CEXU0000086:OUTBOUND,CEXU0000086,warehouse_outbound,WH-01,WH-01_OUTBOUND
CEXU0000086:DRAY_OUT,CEXU0000086,drayage_delivery,NETWORK,DRAYAGE_TRUCKS
CEXU0000086:DELIVERY,CEXU0000086,customer_delivery,CUSTOMER-NETWORK,CUSTOMER_DOCKS
TCBU0000087:DISCHARGE,TCBU0000087,terminal_discharge,PORT-MARIEN,TERMINAL_CRANES
TCBU0000087:GATE_READY,TCBU0000087,terminal_gate_ready,PORT-MARIEN,TERMINAL_CRANES
TCBU0000087:DRAY_IN,TCBU0000087,drayage_import,NETWORK,DRAYAGE_TRUCKS
TCBU0000087:RECEIVE,TCBU0000087,warehouse_receive,WH-01,WH-01_RECEIVING
TCBU0000087:CROSSDOCK,TCBU0000087,warehouse_crossdock,WH-01,WH-01_CROSSDOCK
TCBU0000087:OUTBOUND,TCBU0000087,warehouse_outbound,WH-01,WH-01_OUTBOUND
TCBU0000087:DRAY_OUT,TCBU0000087,drayage_delivery,NETWORK,DRAYAGE_TRUCKS
TCBU0000087:DELIVERY,TCBU0000087,customer_delivery,CUSTOMER-NETWORK,CUSTOMER_DOCKS
YQDU0000088:DISCHARGE,YQDU0000088,terminal_discharge,PORT-MARIEN,TERMINAL_CRANES
YQDU0000088:GATE_READY,YQDU0000088,terminal_gate_ready,PORT-MARIEN,TERMINAL_CRANES
YQDU0000088:DRAY_IN,YQDU0000088,drayage_import,NETWORK,DRAYAGE_TRUCKS
YQDU0000088:RECEIVE,YQDU0000088,warehouse_receive,WH-02,WH-02_RECEIVING
YQDU0000088:CROSSDOCK,YQDU0000088,warehouse_crossdock,WH-02,WH-02_CROSSDOCK
YQDU0000088:OUTBOUND,YQDU0000088,warehouse_outbound,WH-02,WH-02_OUTBOUND
YQDU0000088:DRAY_OUT,YQDU0000088,drayage_delivery,NETWORK,DRAYAGE_TRUCKS
YQDU0000088:DELIVERY,YQDU0000088,customer_delivery,CUSTOMER-NETWORK,CUSTOMER_DOCKS
GJGU0000089:DISCHARGE,GJGU0000089,terminal_discharge,PORT-MARIEN,TERMINAL_CRANES
GJGU0000089:GATE_READY,GJGU0000089,terminal_gate_ready,PORT-MARIEN,TERMINAL_CRANES
GJGU0000089:DRAY_IN,GJGU0000089,drayage_import,NETWORK,DRAYAGE_TRUCKS
GJGU0000089:RECEIVE,GJGU0000089,warehouse_receive,WH-01,WH-01_RECEIVING
GJGU0000089:STORAGE_PICK,GJGU0000089,warehouse_storage_pick,WH-01,WH-01_CROSSDOCK
GJGU0000089:OUTBOUND,GJGU0000089,warehouse_outbound,WH-01,WH-01_OUTBOUND
GJGU0000089:DRAY_OUT,GJGU0000089,drayage_delivery,NETWORK,DRAYAGE_TRUCKS
GJGU0000089:DELIVERY,GJGU0000089,customer_delivery,CUSTOMER-NETWORK,CUSTOMER_DOCKS
RVZU0000090:DISCHARGE,RVZU0000090,terminal_discharge,PORT-MARIEN,TERMINAL_CRANES
RVZU0000090:GATE_READY,RVZU0000090,terminal_gate_ready,PORT-MARIEN,TERMINAL_CRANES
RVZU0000090:DRAY_IN,RVZU0000090,drayage_import,NETWORK,DRAYAGE_TRUCKS
RVZU0000090:RECEIVE,RVZU0000090,warehouse_receive,WH-02,WH-02_RECEIVING
RVZU0000090:CROSSDOCK,RVZU0000090,warehouse_crossdock,WH-02,WH-02_CROSSDOCK
RVZU0000090:OUTBOUND,RVZU0000090,warehouse_outbound,WH-02,WH-02_OUTBOUND
RVZU0000090:DRAY_OUT,RVZU0000090,drayage_delivery,NETWORK,DRAYAGE_TRUCKS
RVZU0000090:DELIVERY,RVZU0000090,customer_delivery,CUSTOMER-NETWORK,CUSTOMER_DOCKS
AKFU0000091:DISCHARGE,AKFU0000091,terminal_discharge,PORT-MARIEN,TERMINAL_CRANES
AKFU0000091:GATE_READY,AKFU0000091,terminal_gate_ready,PORT-MARIEN,TERMINAL_CRANES
AKFU0000091:DRAY_IN,AKFU0000091,drayage_import,NETWORK,DRAYAGE_TRUCKS
AKFU0000091:RECEIVE,AKFU0000091,warehouse_receive,WH-02,WH-02_RECEIVING
AKFU0000091:STORAGE_PICK,AKFU0000091,warehouse_storage_pick,WH-02,WH-02_CROSSDOCK
AKFU0000091:OUTBOUND,AKFU0000091,warehouse_outbound,WH-02,WH-02_OUTBOUND
AKFU0000091:DRAY_OUT,AKFU0000091,drayage_delivery,NETWORK,DRAYAGE_TRUCKS
AKFU0000091:DELIVERY,AKFU0000091,customer_delivery,CUSTOMER-NETWORK,CUSTOMER_DOCKS
HKYU0000092:DISCHARGE,HKYU0000092,terminal_discharge,PORT-MARIEN,TERMINAL_CRANES
HKYU0000092:GATE_READY,HKYU0000092,terminal_gate_ready,PORT-MARIEN,TERMINAL_CRANES
HKYU0000092:DRAY_IN,HKYU0000092,drayage_import,NETWORK,DRAYAGE_TRUCKS
HKYU0000092:RECEIVE,HKYU0000092,warehouse_receive,WH-01,WH-01_RECEIVING
HKYU0000092:CROSSDOCK,HKYU0000092,warehouse_crossdock,WH-01,WH-01_CROSSDOCK
HKYU0000092:OUTBOUND,HKYU0000092,warehouse_outbound,WH-01,WH-01_OUTBOUND
HKYU0000092:DRAY_OUT,HKYU0000092,drayage_delivery,NETWORK,DRAYAGE_TRUCKS
HKYU0000092:DELIVERY,HKYU0000092,customer_delivery,CUSTOMER-NETWORK,CUSTOMER_DOCKS
IGFU0000093:DISCHARGE,IGFU0000093,terminal_discharge,PORT-MARIEN,TERMINAL_CRANES
IGFU0000093:GATE_READY,IGFU0000093,terminal_gate_ready,PORT-MARIEN,TERMINAL_CRANES
IGFU0000093:DRAY_IN,IGFU0000093,drayage_import,NETWORK,DRAYAGE_TRUCKS
IGFU0000093:RECEIVE,IGFU0000093,warehouse_receive,WH-01,WH-01_RECEIVING
IGFU0000093:STORAGE_PICK,IGFU0000093,warehouse_storage_pick,WH-01,WH-01_CROSSDOCK
IGFU0000093:OUTBOUND,IGFU0000093,warehouse_outbound,WH-01,WH-01_OUTBOUND
IGFU0000093:DRAY_OUT,IGFU0000093,drayage_delivery,NETWORK,DRAYAGE_TRUCKS
IGFU0000093:DELIVERY,IGFU0000093,customer_delivery,CUSTOMER-NETWORK,CUSTOMER_DOCKS
KUKU0000094:DISCHARGE,KUKU0000094,terminal_discharge,PORT-MARIEN,TERMINAL_CRANES
KUKU0000094:GATE_READY,KUKU0000094,terminal_gate_ready,PORT-MARIEN,TERMINAL_CRANES
KUKU0000094:DRAY_IN,KUKU0000094,drayage_import,NETWORK,DRAYAGE_TRUCKS
KUKU0000094:RECEIVE,KUKU0000094,warehouse_receive,WH-01,WH-01_RECEIVING
KUKU0000094:CROSSDOCK,KUKU0000094,warehouse_crossdock,WH-01,WH-01_CROSSDOCK
KUKU0000094:OUTBOUND,KUKU0000094,warehouse_outbound,WH-01,WH-01_OUTBOUND
KUKU0000094:DRAY_OUT,KUKU0000094,drayage_delivery,NETWORK,DRAYAGE_TRUCKS
KUKU0000094:DELIVERY,KUKU0000094,customer_delivery,CUSTOMER-NETWORK,CUSTOMER_DOCKS
BLJU0000095:DISCHARGE,BLJU0000095,terminal_discharge,PORT-MARIEN,TERMINAL_CRANES
BLJU0000095:GATE_READY,BLJU0000095,terminal_gate_ready,PORT-MARIEN,TERMINAL_CRANES
BLJU0000095:DRAY_IN,BLJU0000095,drayage_import,NETWORK,DRAYAGE_TRUCKS
BLJU0000095:RECEIVE,BLJU0000095,warehouse_receive,WH-01,WH-01_RECEIVING
BLJU0000095:STORAGE_PICK,BLJU0000095,warehouse_storage_pick,WH-01,WH-01_CROSSDOCK
BLJU0000095:OUTBOUND,BLJU0000095,warehouse_outbound,WH-01,WH-01_OUTBOUND
BLJU0000095:DRAY_OUT,BLJU0000095,drayage_delivery,NETWORK,DRAYAGE_TRUCKS
BLJU0000095:DELIVERY,BLJU0000095,customer_delivery,CUSTOMER-NETWORK,CUSTOMER_DOCKS
SUGU0000096:DISCHARGE,SUGU0000096,terminal_discharge,PORT-MARIEN,TERMINAL_CRANES
SUGU0000096:GATE_READY,SUGU0000096,terminal_gate_ready,PORT-MARIEN,TERMINAL_CRANES
SUGU0000096:DRAY_IN,SUGU0000096,drayage_import,NETWORK,DRAYAGE_TRUCKS
SUGU0000096:RECEIVE,SUGU0000096,warehouse_receive,WH-02,WH-02_RECEIVING
SUGU0000096:STORAGE_PICK,SUGU0000096,warehouse_storage_pick,WH-02,WH-02_CROSSDOCK
SUGU0000096:OUTBOUND,SUGU0000096,warehouse_outbound,WH-02,WH-02_OUTBOUND
SUGU0000096:DRAY_OUT,SUGU0000096,drayage_delivery,NETWORK,DRAYAGE_TRUCKS
SUGU0000096:DELIVERY,SUGU0000096,customer_delivery,CUSTOMER-NETWORK,CUSTOMER_DOCKS
BHWU0000097:DISCHARGE,BHWU0000097,terminal_discharge,PORT-MARIEN,TERMINAL_CRANES
BHWU0000097:GATE_READY,BHWU0000097,terminal_gate_ready,PORT-MARIEN,TERMINAL_CRANES
BHWU0000097:DRAY_IN,BHWU0000097,drayage_import,NETWORK,DRAYAGE_TRUCKS
BHWU0000097:RECEIVE,BHWU0000097,warehouse_receive,WH-02,WH-02_RECEIVING
BHWU0000097:STORAGE_PICK,BHWU0000097,warehouse_storage_pick,WH-02,WH-02_CROSSDOCK
BHWU0000097:OUTBOUND,BHWU0000097,warehouse_outbound,WH-02,WH-02_OUTBOUND
BHWU0000097:DRAY_OUT,BHWU0000097,drayage_delivery,NETWORK,DRAYAGE_TRUCKS
BHWU0000097:DELIVERY,BHWU0000097,customer_delivery,CUSTOMER-NETWORK,CUSTOMER_DOCKS
ZUUU0000098:DISCHARGE,ZUUU0000098,terminal_discharge,PORT-MARIEN,TERMINAL_CRANES
ZUUU0000098:GATE_READY,ZUUU0000098,terminal_gate_ready,PORT-MARIEN,TERMINAL_CRANES
ZUUU0000098:DRAY_IN,ZUUU0000098,drayage_import,NETWORK,DRAYAGE_TRUCKS
ZUUU0000098:RECEIVE,ZUUU0000098,warehouse_receive,WH-02,WH-02_RECEIVING
ZUUU0000098:CROSSDOCK,ZUUU0000098,warehouse_crossdock,WH-02,WH-02_CROSSDOCK
ZUUU0000098:OUTBOUND,ZUUU0000098,warehouse_outbound,WH-02,WH-02_OUTBOUND
ZUUU0000098:DRAY_OUT,ZUUU0000098,drayage_delivery,NETWORK,DRAYAGE_TRUCKS
ZUUU0000098:DELIVERY,ZUUU0000098,customer_delivery,CUSTOMER-NETWORK,CUSTOMER_DOCKS
VELU0000099:DISCHARGE,VELU0000099,terminal_discharge,PORT-MARIEN,TERMINAL_CRANES
VELU0000099:GATE_READY,VELU0000099,terminal_gate_ready,PORT-MARIEN,TERMINAL_CRANES
VELU0000099:DRAY_IN,VELU0000099,drayage_import,NETWORK,DRAYAGE_TRUCKS
VELU0000099:RECEIVE,VELU0000099,warehouse_receive,WH-02,WH-02_RECEIVING
VELU0000099:STORAGE_PICK,VELU0000099,warehouse_storage_pick,WH-02,WH-02_CROSSDOCK
VELU0000099:OUTBOUND,VELU0000099,warehouse_outbound,WH-02,WH-02_OUTBOUND
VELU0000099:DRAY_OUT,VELU0000099,drayage_delivery,NETWORK,DRAYAGE_TRUCKS
VELU0000099:DELIVERY,VELU0000099,customer_delivery,CUSTOMER-NETWORK,CUSTOMER_DOCKS
VQCU0000100:DISCHARGE,VQCU0000100,terminal_discharge,PORT-MARIEN,TERMINAL_CRANES
VQCU0000100:GATE_READY,VQCU0000100,terminal_gate_ready,PORT-MARIEN,TERMINAL_CRANES
VQCU0000100:DRAY_IN,VQCU0000100,drayage_import,NETWORK,DRAYAGE_TRUCKS
VQCU0000100:RECEIVE,VQCU0000100,warehouse_receive,WH-02,WH-02_RECEIVING
VQCU0000100:STORAGE_PICK,VQCU0000100,warehouse_storage_pick,WH-02,WH-02_CROSSDOCK
VQCU0000100:OUTBOUND,VQCU0000100,warehouse_outbound,WH-02,WH-02_OUTBOUND
VQCU0000100:DRAY_OUT,VQCU0000100,drayage_delivery,NETWORK,DRAYAGE_TRUCKS
VQCU0000100:DELIVERY,VQCU0000100,customer_delivery,CUSTOMER-NETWORK,CUSTOMER_DOCKS
ZDQU0000101:DISCHARGE,ZDQU0000101,terminal_discharge,PORT-MARIEN,TERMINAL_CRANES
ZDQU0000101:GATE_READY,ZDQU0000101,terminal_gate_ready,PORT-MARIEN,TERMINAL_CRANES
ZDQU0000101:DRAY_IN,ZDQU0000101,drayage_import,NETWORK,DRAYAGE_TRUCKS
ZDQU0000101:RECEIVE,ZDQU0000101,warehouse_receive,WH-01,WH-01_RECEIVING
ZDQU0000101:STORAGE_PICK,ZDQU0000101,warehouse_storage_pick,WH-01,WH-01_CROSSDOCK
ZDQU0000101:OUTBOUND,ZDQU0000101,warehouse_outbound,WH-01,WH-01_OUTBOUND
ZDQU0000101:DRAY_OUT,ZDQU0000101,drayage_delivery,NETWORK,DRAYAGE_TRUCKS
ZDQU0000101:DELIVERY,ZDQU0000101,customer_delivery,CUSTOMER-NETWORK,CUSTOMER_DOCKS
NLVU0000102:DISCHARGE,NLVU0000102,terminal_discharge,PORT-MARIEN,TERMINAL_CRANES
NLVU0000102:GATE_READY,NLVU0000102,terminal_gate_ready,PORT-MARIEN,TERMINAL_CRANES
NLVU0000102:DRAY_IN,NLVU0000102,drayage_import,NETWORK,DRAYAGE_TRUCKS
NLVU0000102:RECEIVE,NLVU0000102,warehouse_receive,WH-01,WH-01_RECEIVING
NLVU0000102:STORAGE_PICK,NLVU0000102,warehouse_storage_pick,WH-01,WH-01_CROSSDOCK
NLVU0000102:OUTBOUND,NLVU0000102,warehouse_outbound,WH-01,WH-01_OUTBOUND
NLVU0000102:DRAY_OUT,NLVU0000102,drayage_delivery,NETWORK,DRAYAGE_TRUCKS
NLVU0000102:DELIVERY,NLVU0000102,customer_delivery,CUSTOMER-NETWORK,CUSTOMER_DOCKS
OOYU0000103:DISCHARGE,OOYU0000103,terminal_discharge,PORT-MARIEN,TERMINAL_CRANES
OOYU0000103:GATE_READY,OOYU0000103,terminal_gate_ready,PORT-MARIEN,TERMINAL_CRANES
OOYU0000103:DRAY_IN,OOYU0000103,drayage_import,NETWORK,DRAYAGE_TRUCKS
OOYU0000103:RECEIVE,OOYU0000103,warehouse_receive,WH-02,WH-02_RECEIVING
OOYU0000103:STORAGE_PICK,OOYU0000103,warehouse_storage_pick,WH-02,WH-02_CROSSDOCK
OOYU0000103:OUTBOUND,OOYU0000103,warehouse_outbound,WH-02,WH-02_OUTBOUND
OOYU0000103:DRAY_OUT,OOYU0000103,drayage_delivery,NETWORK,DRAYAGE_TRUCKS
OOYU0000103:DELIVERY,OOYU0000103,customer_delivery,CUSTOMER-NETWORK,CUSTOMER_DOCKS
WQDU0000104:DISCHARGE,WQDU0000104,terminal_discharge,PORT-MARIEN,TERMINAL_CRANES
WQDU0000104:GATE_READY,WQDU0000104,terminal_gate_ready,PORT-MARIEN,TERMINAL_CRANES
WQDU0000104:DRAY_IN,WQDU0000104,drayage_import,NETWORK,DRAYAGE_TRUCKS
WQDU0000104:RECEIVE,WQDU0000104,warehouse_receive,WH-02,WH-02_RECEIVING
WQDU0000104:CROSSDOCK,WQDU0000104,warehouse_crossdock,WH-02,WH-02_CROSSDOCK
WQDU0000104:OUTBOUND,WQDU0000104,warehouse_outbound,WH-02,WH-02_OUTBOUND
WQDU0000104:DRAY_OUT,WQDU0000104,drayage_delivery,NETWORK,DRAYAGE_TRUCKS
WQDU0000104:DELIVERY,WQDU0000104,customer_delivery,CUSTOMER-NETWORK,CUSTOMER_DOCKS
MQLU0000105:DISCHARGE,MQLU0000105,terminal_discharge,PORT-MARIEN,TERMINAL_CRANES
MQLU0000105:GATE_READY,MQLU0000105,terminal_gate_ready,PORT-MARIEN,TERMINAL_CRANES
MQLU0000105:DRAY_IN,MQLU0000105,drayage_import,NETWORK,DRAYAGE_TRUCKS
MQLU0000105:RECEIVE,MQLU0000105,warehouse_receive,WH-01,WH-01_RECEIVING
MQLU0000105:CROSSDOCK,MQLU0000105,warehouse_crossdock,WH-01,WH-01_CROSSDOCK
MQLU0000105:OUTBOUND,MQLU0000105,warehouse_outbound,WH-01,WH-01_OUTBOUND
MQLU0000105:DRAY_OUT,MQLU0000105,drayage_delivery,NETWORK,DRAYAGE_TRUCKS
MQLU0000105:DELIVERY,MQLU0000105,customer_delivery,CUSTOMER-NETWORK,CUSTOMER_DOCKS
PWEU0000106:DISCHARGE,PWEU0000106,terminal_discharge,PORT-MARIEN,TERMINAL_CRANES
PWEU0000106:GATE_READY,PWEU0000106,terminal_gate_ready,PORT-MARIEN,TERMINAL_CRANES
PWEU0000106:DRAY_IN,PWEU0000106,drayage_import,NETWORK,DRAYAGE_TRUCKS
PWEU0000106:RECEIVE,PWEU0000106,warehouse_receive,WH-02,WH-02_RECEIVING
PWEU0000106:CROSSDOCK,PWEU0000106,warehouse_crossdock,WH-02,WH-02_CROSSDOCK
PWEU0000106:OUTBOUND,PWEU0000106,warehouse_outbound,WH-02,WH-02_OUTBOUND
PWEU0000106:DRAY_OUT,PWEU0000106,drayage_delivery,NETWORK,DRAYAGE_TRUCKS
PWEU0000106:DELIVERY,PWEU0000106,customer_delivery,CUSTOMER-NETWORK,CUSTOMER_DOCKS
HJDU0000107:DISCHARGE,HJDU0000107,terminal_discharge,PORT-MARIEN,TERMINAL_CRANES
HJDU0000107:GATE_READY,HJDU0000107,terminal_gate_ready,PORT-MARIEN,TERMINAL_CRANES
HJDU0000107:DRAY_IN,HJDU0000107,drayage_import,NETWORK,DRAYAGE_TRUCKS
HJDU0000107:RECEIVE,HJDU0000107,warehouse_receive,WH-01,WH-01_RECEIVING
HJDU0000107:CROSSDOCK,HJDU0000107,warehouse_crossdock,WH-01,WH-01_CROSSDOCK
HJDU0000107:OUTBOUND,HJDU0000107,warehouse_outbound,WH-01,WH-01_OUTBOUND
HJDU0000107:DRAY_OUT,HJDU0000107,drayage_delivery,NETWORK,DRAYAGE_TRUCKS
HJDU0000107:DELIVERY,HJDU0000107,customer_delivery,CUSTOMER-NETWORK,CUSTOMER_DOCKS
JNAU0000108:DISCHARGE,JNAU0000108,terminal_discharge,PORT-MARIEN,TERMINAL_CRANES
JNAU0000108:GATE_READY,JNAU0000108,terminal_gate_ready,PORT-MARIEN,TERMINAL_CRANES
JNAU0000108:DRAY_IN,JNAU0000108,drayage_import,NETWORK,DRAYAGE_TRUCKS
JNAU0000108:RECEIVE,JNAU0000108,warehouse_receive,WH-02,WH-02_RECEIVING
JNAU0000108:CROSSDOCK,JNAU0000108,warehouse_crossdock,WH-02,WH-02_CROSSDOCK
JNAU0000108:OUTBOUND,JNAU0000108,warehouse_outbound,WH-02,WH-02_OUTBOUND
JNAU0000108:DRAY_OUT,JNAU0000108,drayage_delivery,NETWORK,DRAYAGE_TRUCKS
JNAU0000108:DELIVERY,JNAU0000108,customer_delivery,CUSTOMER-NETWORK,CUSTOMER_DOCKS
PBUU0000109:DISCHARGE,PBUU0000109,terminal_discharge,PORT-MARIEN,TERMINAL_CRANES
PBUU0000109:GATE_READY,PBUU0000109,terminal_gate_ready,PORT-MARIEN,TERMINAL_CRANES
PBUU0000109:DRAY_IN,PBUU0000109,drayage_import,NETWORK,DRAYAGE_TRUCKS
PBUU0000109:RECEIVE,PBUU0000109,warehouse_receive,WH-02,WH-02_RECEIVING
PBUU0000109:STORAGE_PICK,PBUU0000109,warehouse_storage_pick,WH-02,WH-02_CROSSDOCK
PBUU0000109:OUTBOUND,PBUU0000109,warehouse_outbound,WH-02,WH-02_OUTBOUND
PBUU0000109:DRAY_OUT,PBUU0000109,drayage_delivery,NETWORK,DRAYAGE_TRUCKS
PBUU0000109:DELIVERY,PBUU0000109,customer_delivery,CUSTOMER-NETWORK,CUSTOMER_DOCKS
YKEU0000110:DISCHARGE,YKEU0000110,terminal_discharge,PORT-MARIEN,TERMINAL_CRANES
YKEU0000110:GATE_READY,YKEU0000110,terminal_gate_ready,PORT-MARIEN,TERMINAL_CRANES
YKEU0000110:DRAY_IN,YKEU0000110,drayage_import,NETWORK,DRAYAGE_TRUCKS
YKEU0000110:RECEIVE,YKEU0000110,warehouse_receive,WH-01,WH-01_RECEIVING
YKEU0000110:CROSSDOCK,YKEU0000110,warehouse_crossdock,WH-01,WH-01_CROSSDOCK
YKEU0000110:OUTBOUND,YKEU0000110,warehouse_outbound,WH-01,WH-01_OUTBOUND
YKEU0000110:DRAY_OUT,YKEU0000110,drayage_delivery,NETWORK,DRAYAGE_TRUCKS
YKEU0000110:DELIVERY,YKEU0000110,customer_delivery,CUSTOMER-NETWORK,CUSTOMER_DOCKS
BZGU0000111:DISCHARGE,BZGU0000111,terminal_discharge,PORT-MARIEN,TERMINAL_CRANES
BZGU0000111:GATE_READY,BZGU0000111,terminal_gate_ready,PORT-MARIEN,TERMINAL_CRANES
BZGU0000111:DRAY_IN,BZGU0000111,drayage_import,NETWORK,DRAYAGE_TRUCKS
BZGU0000111:RECEIVE,BZGU0000111,warehouse_receive,WH-01,WH-01_RECEIVING
BZGU0000111:CROSSDOCK,BZGU0000111,warehouse_crossdock,WH-01,WH-01_CROSSDOCK
BZGU0000111:OUTBOUND,BZGU0000111,warehouse_outbound,WH-01,WH-01_OUTBOUND
BZGU0000111:DRAY_OUT,BZGU0000111,drayage_delivery,NETWORK,DRAYAGE_TRUCKS
BZGU0000111:DELIVERY,BZGU0000111,customer_delivery,CUSTOMER-NETWORK,CUSTOMER_DOCKS
BUKU0000112:DISCHARGE,BUKU0000112,terminal_discharge,PORT-MARIEN,TERMINAL_CRANES
BUKU0000112:GATE_READY,BUKU0000112,terminal_gate_ready,PORT-MARIEN,TERMINAL_CRANES
BUKU0000112:DRAY_IN,BUKU0000112,drayage_import,NETWORK,DRAYAGE_TRUCKS
BUKU0000112:RECEIVE,BUKU0000112,warehouse_receive,WH-02,WH-02_RECEIVING
BUKU0000112:CROSSDOCK,BUKU0000112,warehouse_crossdock,WH-02,WH-02_CROSSDOCK
BUKU0000112:OUTBOUND,BUKU0000112,warehouse_outbound,WH-02,WH-02_OUTBOUND
BUKU0000112:DRAY_OUT,BUKU0000112,drayage_delivery,NETWORK,DRAYAGE_TRUCKS
BUKU0000112:DELIVERY,BUKU0000112,customer_delivery,CUSTOMER-NETWORK,CUSTOMER_DOCKS
QIZU0000113:DISCHARGE,QIZU0000113,terminal_discharge,PORT-MARIEN,TERMINAL_CRANES
QIZU0000113:GATE_READY,QIZU0000113,terminal_gate_ready,PORT-MARIEN,TERMINAL_CRANES
QIZU0000113:DRAY_IN,QIZU0000113,drayage_import,NETWORK,DRAYAGE_TRUCKS
QIZU0000113:RECEIVE,QIZU0000113,warehouse_receive,WH-01,WH-01_RECEIVING
QIZU0000113:STORAGE_PICK,QIZU0000113,warehouse_storage_pick,WH-01,WH-01_CROSSDOCK
QIZU0000113:OUTBOUND,QIZU0000113,warehouse_outbound,WH-01,WH-01_OUTBOUND
QIZU0000113:DRAY_OUT,QIZU0000113,drayage_delivery,NETWORK,DRAYAGE_TRUCKS
QIZU0000113:DELIVERY,QIZU0000113,customer_delivery,CUSTOMER-NETWORK,CUSTOMER_DOCKS
WNFU0000114:DISCHARGE,WNFU0000114,terminal_discharge,PORT-MARIEN,TERMINAL_CRANES
WNFU0000114:GATE_READY,WNFU0000114,terminal_gate_ready,PORT-MARIEN,TERMINAL_CRANES
WNFU0000114:DRAY_IN,WNFU0000114,drayage_import,NETWORK,DRAYAGE_TRUCKS
WNFU0000114:RECEIVE,WNFU0000114,warehouse_receive,WH-02,WH-02_RECEIVING
WNFU0000114:CROSSDOCK,WNFU0000114,warehouse_crossdock,WH-02,WH-02_CROSSDOCK
WNFU0000114:OUTBOUND,WNFU0000114,warehouse_outbound,WH-02,WH-02_OUTBOUND
WNFU0000114:DRAY_OUT,WNFU0000114,drayage_delivery,NETWORK,DRAYAGE_TRUCKS
WNFU0000114:DELIVERY,WNFU0000114,customer_delivery,CUSTOMER-NETWORK,CUSTOMER_DOCKS
XVFU0000115:DISCHARGE,XVFU0000115,terminal_discharge,PORT-MARIEN,TERMINAL_CRANES
XVFU0000115:GATE_READY,XVFU0000115,terminal_gate_ready,PORT-MARIEN,TERMINAL_CRANES
XVFU0000115:DRAY_IN,XVFU0000115,drayage_import,NETWORK,DRAYAGE_TRUCKS
XVFU0000115:RECEIVE,XVFU0000115,warehouse_receive,WH-01,WH-01_RECEIVING
XVFU0000115:CROSSDOCK,XVFU0000115,warehouse_crossdock,WH-01,WH-01_CROSSDOCK
XVFU0000115:OUTBOUND,XVFU0000115,warehouse_outbound,WH-01,WH-01_OUTBOUND
XVFU0000115:DRAY_OUT,XVFU0000115,drayage_delivery,NETWORK,DRAYAGE_TRUCKS
XVFU0000115:DELIVERY,XVFU0000115,customer_delivery,CUSTOMER-NETWORK,CUSTOMER_DOCKS
BTEU0000116:DISCHARGE,BTEU0000116,terminal_discharge,PORT-MARIEN,TERMINAL_CRANES
BTEU0000116:GATE_READY,BTEU0000116,terminal_gate_ready,PORT-MARIEN,TERMINAL_CRANES
BTEU0000116:DRAY_IN,BTEU0000116,drayage_import,NETWORK,DRAYAGE_TRUCKS
BTEU0000116:RECEIVE,BTEU0000116,warehouse_receive,WH-02,WH-02_RECEIVING
BTEU0000116:STORAGE_PICK,BTEU0000116,warehouse_storage_pick,WH-02,WH-02_CROSSDOCK
BTEU0000116:OUTBOUND,BTEU0000116,warehouse_outbound,WH-02,WH-02_OUTBOUND
BTEU0000116:DRAY_OUT,BTEU0000116,drayage_delivery,NETWORK,DRAYAGE_TRUCKS
BTEU0000116:DELIVERY,BTEU0000116,customer_delivery,CUSTOMER-NETWORK,CUSTOMER_DOCKS
XFPU0000117:DISCHARGE,XFPU0000117,terminal_discharge,PORT-MARIEN,TERMINAL_CRANES
XFPU0000117:GATE_READY,XFPU0000117,terminal_gate_ready,PORT-MARIEN,TERMINAL_CRANES
XFPU0000117:DRAY_IN,XFPU0000117,drayage_import,NETWORK,DRAYAGE_TRUCKS
XFPU0000117:RECEIVE,XFPU0000117,warehouse_receive,WH-02,WH-02_RECEIVING
XFPU0000117:STORAGE_PICK,XFPU0000117,warehouse_storage_pick,WH-02,WH-02_CROSSDOCK
XFPU0000117:OUTBOUND,XFPU0000117,warehouse_outbound,WH-02,WH-02_OUTBOUND
XFPU0000117:DRAY_OUT,XFPU0000117,drayage_delivery,NETWORK,DRAYAGE_TRUCKS
XFPU0000117:DELIVERY,XFPU0000117,customer_delivery,CUSTOMER-NETWORK,CUSTOMER_DOCKS
COFU0000118:DISCHARGE,COFU0000118,terminal_discharge,PORT-MARIEN,TERMINAL_CRANES
COFU0000118:GATE_READY,COFU0000118,terminal_gate_ready,PORT-MARIEN,TERMINAL_CRANES
COFU0000118:DRAY_IN,COFU0000118,drayage_import,NETWORK,DRAYAGE_TRUCKS
COFU0000118:RECEIVE,COFU0000118,warehouse_receive,WH-02,WH-02_RECEIVING
COFU0000118:STORAGE_PICK,COFU0000118,warehouse_storage_pick,WH-02,WH-02_CROSSDOCK
COFU0000118:OUTBOUND,COFU0000118,warehouse_outbound,WH-02,WH-02_OUTBOUND
COFU0000118:DRAY_OUT,COFU0000118,drayage_delivery,NETWORK,DRAYAGE_TRUCKS
COFU0000118:DELIVERY,COFU0000118,customer_delivery,CUSTOMER-NETWORK,CUSTOMER_DOCKS
HDGU0000119:DISCHARGE,HDGU0000119,terminal_discharge,PORT-MARIEN,TERMINAL_CRANES
HDGU0000119:GATE_READY,HDGU0000119,terminal_gate_ready,PORT-MARIEN,TERMINAL_CRANES
HDGU0000119:DRAY_IN,HDGU0000119,drayage_import,NETWORK,DRAYAGE_TRUCKS
HDGU0000119:RECEIVE,HDGU0000119,warehouse_receive,WH-01,WH-01_RECEIVING
HDGU0000119:CROSSDOCK,HDGU0000119,warehouse_crossdock,WH-01,WH-01_CROSSDOCK
HDGU0000119:OUTBOUND,HDGU0000119,warehouse_outbound,WH-01,WH-01_OUTBOUND
HDGU0000119:DRAY_OUT,HDGU0000119,drayage_delivery,NETWORK,DRAYAGE_TRUCKS
HDGU0000119:DELIVERY,HDGU0000119,customer_delivery,CUSTOMER-NETWORK,CUSTOMER_DOCKS
WXPU0000120:DISCHARGE,WXPU0000120,terminal_discharge,PORT-MARIEN,TERMINAL_CRANES
WXPU0000120:GATE_READY,WXPU0000120,terminal_gate_ready,PORT-MARIEN,TERMINAL_CRANES
WXPU0000120:DRAY_IN,WXPU0000120,drayage_import,NETWORK,DRAYAGE_TRUCKS
WXPU0000120:RECEIVE,WXPU0000120,warehouse_receive,WH-02,WH-02_RECEIVING
WXPU0000120:STORAGE_PICK,WXPU0000120,warehouse_storage_pick,WH-02,WH-02_CROSSDOCK
WXPU0000120:OUTBOUND,WXPU0000120,warehouse_outbound,WH-02,WH-02_OUTBOUND
WXPU0000120:DRAY_OUT,WXPU0000120,drayage_delivery,NETWORK,DRAYAGE_TRUCKS
WXPU0000120:DELIVERY,WXPU0000120,customer_delivery,CUSTOMER-NETWORK,CUSTOMER_DOCKS
